WHOREGION,ITZ,COUNTRY/AREA/TERRITORY,COUNTRY_CODE,ORIGIN_SOURCE,ISO_YEAR,ISO_WEEK,ISO_SDATE,SPEC_RECEIVED_NB,SPEC_PROCESSED_NB,AH1,AH1N12009,AH3,AH5,ANOTSUBTYPED,INF_A,BVIC,BYAM,BNOTDETERMINED,INF_B,INF_ALL,INF_NEGATIVE,ILI_ACTIVITY
WPR,FLU_OCE_MEL_POL,Australia,AUS,NOTDEFINED,2021,39,2021-09-27T03:00:00.000Z,1757,2694,,,,,0,0,,,0,0,0,2694,2
WPR,FLU_OCE_MEL_POL,Australia,AUS,NOTDEFINED,2021,40,2021-10-04T03:00:00.000Z,1924,2753,,,,,0,0,,,1,1,1,2752,2
WPR,FLU_OCE_MEL_POL,Australia,AUS,NOTDEFINED,2021,41,2021-10-11T03:00:00.000Z,1668,2462,,,,,0,0,,,0,0,0,2462,2
WPR,FLU_OCE_MEL_POL,Australia,AUS,NOTDEFINED,2021,42,2021-10-18T03:00:00.000Z,1772,2468,,,,,0,0,,,0,0,0,2468,2
WPR,FLU_OCE_MEL_POL,Australia,AUS,NOTDEFINED,2021,43,2021-10-25T03:00:00.000Z,1700,2369,,,,,0,0,,,0,0,0,2368,2
WPR,FLU_OCE_MEL_POL,Australia,AUS,NOTDEFINED,2021,44,2021-11-01T03:00:00.000Z,1671,2356,,,,,0,0,,,0,0,0,2356,2
WPR,FLU_OCE_MEL_POL,Australia,AUS,NOTDEFINED,2021,45,2021-11-08T03:00:00.000Z,1640,2285,,,,,0,0,,,0,0,0,2285,2
WPR,FLU_OCE_MEL_POL,Australia,AUS,NOTDEFINED,2021,46,2021-11-15T03:00:00.000Z,1583,2300,,,,,1,1,,,0,0,1,2299,2
WPR,FLU_OCE_MEL_POL,Australia,AUS,NOTDEFINED,2021,47,2021-11-22T03:00:00.000Z,1573,2141,,,,,1,1,,,0,0,1,2140,2
WPR,FLU_OCE_MEL_POL,Australia,AUS,NOTDEFINED,2021,48,2021-11-29T03:00:00.000Z,1587,2177,,,,,1,1,,,0,0,1,2176,2
WPR,FLU_OCE_MEL_POL,Australia,AUS,NOTDEFINED,2021,49,2021-12-06T03:00:00.000Z,1618,2264,,,,,0,0,,,0,0,0,2264,2
WPR,FLU_OCE_MEL_POL,Australia,AUS,NOTDEFINED,2021,50,2021-12-13T03:00:00.000Z,1713,2370,,,,,0,0,,,0,0,0,2370,2
WPR,FLU_OCE_MEL_POL,Australia,AUS,NOTDEFINED,2021,51,2021-12-20T03:00:00.000Z,2132,2853,,,,,0,0,,,0,0,0,2853,2
WPR,FLU_OCE_MEL_POL,Australia,AUS,NOTDEFINED,2021,52,2021-12-27T03:00:00.000Z,2602,3196,,,,,0,0,,,0,0,0,3197,2
WPR,FLU_OCE_MEL_POL,Australia,AUS,NOTDEFINED,2022,1,2022-01-03T03:00:00.000Z,2215,2978,,,,,0,0,,,0,0,0,2978,2
WPR,FLU_OCE_MEL_POL,Australia,AUS,NOTDEFINED,2022,2,2022-01-10T03:00:00.000Z,2030,2638,,,,,1,1,,,0,0,1,2637,2
WPR,FLU_OCE_MEL_POL,Australia,AUS,NOTDEFINED,2022,3,2022-01-17T03:00:00.000Z,1840,2620,,,,,1,1,,,0,0,1,2619,2
WPR,FLU_OCE_MEL_POL,Australia,AUS,NOTDEFINED,2022,4,2022-01-24T03:00:00.000Z,1918,2883,,,,,0,0,,,0,0,0,2883,2
WPR,FLU_OCE_MEL_POL,Australia,AUS,NOTDEFINED,2022,5,2022-01-31T03:00:00.000Z,1748,2825,,,,,1,1,,,0,0,1,2824,2
WPR,FLU_OCE_MEL_POL,Australia,AUS,NOTDEFINED,2022,6,2022-02-07T03:00:00.000Z,1567,2674,,,,,0,0,,,0,0,0,2674,2
WPR,FLU_OCE_MEL_POL,Australia,AUS,NOTDEFINED,2022,7,2022-02-14T03:00:00.000Z,1904,3000,,,,,0,0,,,0,0,0,3000,2
WPR,FLU_OCE_MEL_POL,Australia,AUS,NOTDEFINED,2022,8,2022-02-21T03:00:00.000Z,1650,3205,,,,,1,1,,,0,0,1,3204,2
WPR,FLU_OCE_MEL_POL,Australia,AUS,NOTDEFINED,2022,9,2022-02-28T03:00:00.000Z,1787,3108,,2,,,2,4,,,0,0,4,3104,3
WPR,FLU_OCE_MEL_POL,Australia,AUS,NOTDEFINED,2022,10,2022-03-07T03:00:00.000Z,1933,3754,,,,,1,1,,,0,0,1,3753,2
WPR,FLU_OCE_MEL_POL,Australia,AUS,NOTDEFINED,2022,11,2022-03-14T03:00:00.000Z,2079,3686,,,,,15,15,,,0,0,15,3671,2
WPR,FLU_OCE_MEL_POL,Australia,AUS,NOTDEFINED,2022,12,2022-03-21T03:00:00.000Z,2029,3722,,,1,,18,19,,,0,0,19,3703,3
WPR,FLU_OCE_MEL_POL,Australia,AUS,NOTDEFINED,2022,13,2022-03-28T03:00:00.000Z,3541,5194,,,1,,55,56,,,0,0,56,5138,3
WPR,FLU_OCE_MEL_POL,Australia,AUS,NOTDEFINED,2022,14,2022-04-04T03:00:00.000Z,3427,4741,,,1,,60,61,,,0,0,61,4680,2
WPR,FLU_OCE_MEL_POL,Australia,AUS,NOTDEFINED,2022,15,2022-04-11T03:00:00.000Z,3855,4802,,,3,,55,58,,,0,0,58,4744,3
WPR,FLU_OCE_MEL_POL,Australia,AUS,NOTDEFINED,2022,16,2022-04-18T03:00:00.000Z,3487,4497,,6,5,,98,109,,,0,0,109,4388,3
WPR,FLU_OCE_MEL_POL,Australia,AUS,NOTDEFINED,2022,17,2022-04-25T03:00:00.000Z,3323,4249,,9,6,,115,130,,,0,0,130,4119,3
WPR,FLU_OCE_MEL_POL,Australia,AUS,NOTDEFINED,2022,18,2022-05-02T03:00:00.000Z,3785,4846,,7,21,,271,299,,,0,0,299,4546,3
WPR,FLU_OCE_MEL_POL,Australia,AUS,NOTDEFINED,2022,19,2022-05-09T03:00:00.000Z,4193,5438,,3,28,,491,522,,,2,2,524,4914,3
WPR,FLU_OCE_MEL_POL,Australia,AUS,NOTDEFINED,2022,20,2022-05-16T03:00:00.000Z,5091,6450,,8,82,,863,953,,,1,1,954,5496,4
WPR,FLU_OCE_MEL_POL,Australia,AUS,NOTDEFINED,2022,21,2022-05-23T03:00:00.000Z,3863,5192,,1,105,,578,684,,,0,0,684,4508,4
WPR,FLU_OCE_MEL_POL,Australia,AUS,NOTDEFINED,2022,22,2022-05-30T03:00:00.000Z,7026,8272,,4,116,,648,768,,,2,2,770,7532,4
WPR,FLU_OCE_MEL_POL,Australia,AUS,NOTDEFINED,2022,23,2022-06-06T03:00:00.000Z,7206,8570,,11,239,,952,1202,,,3,3,1205,7371,5
WPR,FLU_OCE_MEL_POL,Australia,AUS,NOTDEFINED,2022,24,2022-06-13T03:00:00.000Z,8159,9662,,17,355,,1083,1455,,,5,5,1460,8184,5
WPR,FLU_OCE_MEL_POL,Australia,AUS,NOTDEFINED,2022,25,2022-06-20T03:00:00.000Z,8783,10234,,28,356,,998,1382,,,3,3,1385,7827,5
WPR,FLU_OCE_MEL_POL,Australia,AUS,NOTDEFINED,2022,26,2022-06-27T03:00:00.000Z,8264,9921,,39,371,,663,1073,,,1,1,1074,7664,5
WPR,FLU_OCE_MEL_POL,Australia,AUS,NOTDEFINED,2022,27,2022-07-04T03:00:00.000Z,7960,9945,,16,458,,495,969,,,0,0,969,7545,5
WPR,FLU_OCE_MEL_POL,Australia,AUS,NOTDEFINED,2022,28,2022-07-11T03:00:00.000Z,7951,9923,,24,315,,276,615,,,3,3,618,7741,5
WPR,FLU_OCE_MEL_POL,Australia,AUS,NOTDEFINED,2022,29,2022-07-18T03:00:00.000Z,8526,10138,,10,163,,140,313,,,1,1,314,8419,5
WPR,FLU_OCE_MEL_POL,Australia,AUS,NOTDEFINED,2022,30,2022-07-25T03:00:00.000Z,7420,8872,,4,86,,125,215,,,0,0,215,7323,5
WPR,FLU_OCE_MEL_POL,Australia,AUS,NOTDEFINED,2022,31,2022-08-01T03:00:00.000Z,6895,8550,,9,60,,81,150,,,2,2,152,6835,5
WPR,FLU_OCE_MEL_POL,Australia,AUS,NOTDEFINED,2022,32,2022-08-08T03:00:00.000Z,6477,7941,,7,37,,44,88,,,1,1,89,6440,4
WPR,FLU_OCE_MEL_POL,Australia,AUS,NOTDEFINED,2022,33,2022-08-15T03:00:00.000Z,6115,7444,,6,28,,43,77,,,0,0,77,6079,4
WPR,FLU_OCE_MEL_POL,Australia,AUS,NOTDEFINED,2022,34,2022-08-22T03:00:00.000Z,5645,6910,,9,18,,30,57,,,2,2,59,5625,4
WPR,FLU_OCE_MEL_POL,Australia,AUS,NOTDEFINED,2022,35,2022-08-29T03:00:00.000Z,5221,6589,,4,17,,25,46,,,0,0,46,5200,4
WPR,FLU_OCE_MEL_POL,Australia,AUS,NOTDEFINED,2022,36,2022-09-05T03:00:00.000Z,4960,6442,,14,21,,24,59,,,1,1,60,4939,4
WPR,FLU_OCE_MEL_POL,Australia,AUS,NOTDEFINED,2022,37,2022-09-12T03:00:00.000Z,4889,6313,,19,6,,22,47,,,2,2,49,4874,4
WPR,FLU_OCE_MEL_POL,Australia,AUS,NOTDEFINED,2022,38,2022-09-19T03:00:00.000Z,4736,6045,,11,4,,24,39,,,1,1,40,4719,4
WPR,FLU_OCE_MEL_POL,Australia,AUS,NOTDEFINED,2022,39,2022-09-26T03:00:00.000Z,4319,5642,,10,4,,14,28,,,1,1,29,4311,4
WPR,FLU_OCE_MEL_POL,Australia,AUS,NOTDEFINED,2022,40,2022-10-03T03:00:00.000Z,3880,5117,,7,8,,14,29,,,2,2,31,3876,4
WPR,FLU_OCE_MEL_POL,Australia,AUS,NOTDEFINED,2022,41,2022-10-10T03:00:00.000Z,3857,5133,,3,2,,8,13,,,2,2,15,3851,3
WPR,FLU_OCE_MEL_POL,Australia,AUS,NOTDEFINED,2022,42,2022-10-17T03:00:00.000Z,3958,5191,,5,4,,8,17,,,3,3,20,3954,3
WPR,FLU_OCE_MEL_POL,Australia,AUS,NOTDEFINED,2022,43,2022-10-24T03:00:00.000Z,3890,5134,,2,15,,13,30,,,2,2,32,3882,3
WPR,FLU_OCE_MEL_POL,Australia,AUS,NOTDEFINED,2022,44,2022-10-31T03:00:00.000Z,3885,5304,,5,8,,23,36,,,1,1,37,3872,3
WPR,FLU_OCE_MEL_POL,Australia,AUS,NOTDEFINED,2022,45,2022-11-07T03:00:00.000Z,4406,5630,,3,2,,20,25,,,0,0,25,4406,3
WPR,FLU_OCE_MEL_POL,Australia,AUS,NOTDEFINED,2022,46,2022-11-14T03:00:00.000Z,4354,5750,,4,6,,25,35,,,5,5,40,4322,3
WPR,FLU_OCE_MEL_POL,Australia,AUS,NOTDEFINED,2022,47,2022-11-21T03:00:00.000Z,4027,5174,,5,8,,25,38,,,1,1,39,4008,3
WPR,FLU_OCE_MEL_POL,Australia,AUS,NOTDEFINED,2022,48,2022-11-28T03:00:00.000Z,,1219,,4,5,,3,12,,,2,2,14,,3
WPR,FLU_OCE_MEL_POL,Australia,AUS,NOTDEFINED,2022,49,2022-12-05T03:00:00.000Z,,1387,,8,7,,4,19,,,9,9,28,,3
WPR,FLU_SE_ASIA,Cambodia,KHM,NOTDEFINED,2021,39,2021-09-27T03:00:00.000Z,,238,0,0,0,0,,0,0,0,,0,0,,1
WPR,FLU_SE_ASIA,Cambodia,KHM,NOTDEFINED,2021,40,2021-10-04T03:00:00.000Z,,279,0,0,0,0,,0,0,0,,0,0,,1
WPR,FLU_SE_ASIA,Cambodia,KHM,NOTDEFINED,2021,41,2021-10-11T03:00:00.000Z,,263,0,0,0,0,,0,0,0,,0,0,,1
WPR,FLU_SE_ASIA,Cambodia,KHM,NOTDEFINED,2021,42,2021-10-18T03:00:00.000Z,,322,0,0,0,0,,0,0,0,,0,0,,1
WPR,FLU_SE_ASIA,Cambodia,KHM,NOTDEFINED,2021,43,2021-10-25T03:00:00.000Z,,228,0,0,0,0,,0,0,0,,0,0,,1
WPR,FLU_SE_ASIA,Cambodia,KHM,NOTDEFINED,2021,44,2021-11-01T03:00:00.000Z,,302,0,0,0,0,,0,0,0,,0,0,,1
WPR,FLU_SE_ASIA,Cambodia,KHM,NOTDEFINED,2021,45,2021-11-08T03:00:00.000Z,,187,0,0,0,0,,0,0,0,,0,0,,1
WPR,FLU_SE_ASIA,Cambodia,KHM,NOTDEFINED,2021,46,2021-11-15T03:00:00.000Z,,151,0,0,0,0,,0,0,0,,0,0,,1
WPR,FLU_SE_ASIA,Cambodia,KHM,NOTDEFINED,2021,47,2021-11-22T03:00:00.000Z,,191,0,0,0,0,,0,0,0,,0,0,,1
WPR,FLU_SE_ASIA,Cambodia,KHM,NOTDEFINED,2021,48,2021-11-29T03:00:00.000Z,,177,0,0,0,0,,0,0,0,,0,0,,1
WPR,FLU_SE_ASIA,Cambodia,KHM,NOTDEFINED,2021,49,2021-12-06T03:00:00.000Z,,165,0,0,0,0,,0,0,0,,0,0,,1
WPR,FLU_SE_ASIA,Cambodia,KHM,NOTDEFINED,2021,50,2021-12-13T03:00:00.000Z,,160,0,0,0,0,,0,0,0,,0,0,,1
WPR,FLU_SE_ASIA,Cambodia,KHM,NOTDEFINED,2021,51,2021-12-20T03:00:00.000Z,,125,0,0,0,0,,0,0,0,,0,0,,1
WPR,FLU_SE_ASIA,Cambodia,KHM,NOTDEFINED,2021,52,2021-12-27T03:00:00.000Z,,130,0,0,0,0,,0,0,0,,0,0,,1
WPR,FLU_SE_ASIA,Cambodia,KHM,NOTDEFINED,2022,1,2022-01-03T03:00:00.000Z,,185,0,0,0,0,0,0,0,0,,0,0,,1
WPR,FLU_SE_ASIA,Cambodia,KHM,NOTDEFINED,2022,2,2022-01-10T03:00:00.000Z,,181,0,0,0,0,0,0,0,0,,0,0,,1
WPR,FLU_SE_ASIA,Cambodia,KHM,NOTDEFINED,2022,3,2022-01-17T03:00:00.000Z,,226,0,0,0,0,0,0,0,0,,0,0,,1
WPR,FLU_SE_ASIA,Cambodia,KHM,NOTDEFINED,2022,4,2022-01-24T03:00:00.000Z,,179,0,0,0,0,0,0,0,0,,0,0,,1
WPR,FLU_SE_ASIA,Cambodia,KHM,NOTDEFINED,2022,5,2022-01-31T03:00:00.000Z,,127,0,0,0,0,0,0,0,0,,0,0,,1
WPR,FLU_SE_ASIA,Cambodia,KHM,NOTDEFINED,2022,6,2022-02-07T03:00:00.000Z,,178,0,0,0,0,0,0,0,0,,0,0,,1
WPR,FLU_SE_ASIA,Cambodia,KHM,NOTDEFINED,2022,7,2022-02-14T03:00:00.000Z,,210,0,0,0,0,0,0,0,0,,0,0,,1
WPR,FLU_SE_ASIA,Cambodia,KHM,NOTDEFINED,2022,8,2022-02-21T03:00:00.000Z,,183,0,0,0,0,0,0,0,0,,0,0,,1
WPR,FLU_SE_ASIA,Cambodia,KHM,NOTDEFINED,2022,9,2022-02-28T03:00:00.000Z,,160,0,0,0,0,0,0,0,0,,0,0,,1
WPR,FLU_SE_ASIA,Cambodia,KHM,NOTDEFINED,2022,10,2022-03-07T03:00:00.000Z,,167,0,0,0,0,0,1,0,0,,0,1,,1
WPR,FLU_SE_ASIA,Cambodia,KHM,NOTDEFINED,2022,11,2022-03-14T03:00:00.000Z,,161,0,0,0,0,0,0,0,0,,0,0,,1
WPR,FLU_SE_ASIA,Cambodia,KHM,NOTDEFINED,2022,12,2022-03-21T03:00:00.000Z,,183,0,0,0,0,0,0,0,0,,0,0,,1
WPR,FLU_SE_ASIA,Cambodia,KHM,NOTDEFINED,2022,13,2022-03-28T03:00:00.000Z,,154,0,0,0,0,0,0,0,0,,0,0,,1
WPR,FLU_SE_ASIA,Cambodia,KHM,NOTDEFINED,2022,14,2022-04-04T03:00:00.000Z,,112,0,0,0,0,0,0,0,0,,0,0,,1
WPR,FLU_SE_ASIA,Cambodia,KHM,NOTDEFINED,2022,15,2022-04-11T03:00:00.000Z,,95,0,0,0,0,0,0,0,0,,0,0,,1
WPR,FLU_SE_ASIA,Cambodia,KHM,NOTDEFINED,2022,16,2022-04-18T03:00:00.000Z,,82,0,0,0,0,0,0,0,0,,0,0,,1
WPR,FLU_SE_ASIA,Cambodia,KHM,NOTDEFINED,2022,17,2022-04-25T03:00:00.000Z,,51,0,0,0,0,0,0,0,0,,0,0,,1
WPR,FLU_SE_ASIA,Cambodia,KHM,NOTDEFINED,2022,18,2022-05-02T03:00:00.000Z,,52,0,0,0,0,0,0,0,0,,0,0,,1
WPR,FLU_SE_ASIA,Cambodia,KHM,NOTDEFINED,2022,19,2022-05-09T03:00:00.000Z,,57,0,0,0,0,0,0,0,0,,0,0,,1
WPR,FLU_SE_ASIA,Cambodia,KHM,NOTDEFINED,2022,20,2022-05-16T03:00:00.000Z,,58,0,0,0,0,0,0,0,0,,0,0,,1
WPR,FLU_SE_ASIA,Cambodia,KHM,NOTDEFINED,2022,21,2022-05-23T03:00:00.000Z,,53,0,0,0,0,0,0,0,0,,0,0,,1
WPR,FLU_SE_ASIA,Cambodia,KHM,NOTDEFINED,2022,22,2022-05-30T03:00:00.000Z,,57,0,0,0,0,0,0,0,0,,0,0,,1
WPR,FLU_SE_ASIA,Cambodia,KHM,NOTDEFINED,2022,23,2022-06-06T03:00:00.000Z,,72,0,0,0,0,0,0,0,0,,0,0,,1
WPR,FLU_SE_ASIA,Cambodia,KHM,NOTDEFINED,2022,24,2022-06-13T03:00:00.000Z,,111,,0,2,0,0,2,0,0,,0,2,,1
WPR,FLU_SE_ASIA,Cambodia,KHM,NOTDEFINED,2022,25,2022-06-20T03:00:00.000Z,,88,,0,1,0,0,1,0,0,,0,1,,1
WPR,FLU_SE_ASIA,Cambodia,KHM,NOTDEFINED,2022,26,2022-06-27T03:00:00.000Z,,96,,0,0,0,0,0,0,0,,0,0,,1
WPR,FLU_SE_ASIA,Cambodia,KHM,NOTDEFINED,2022,27,2022-07-04T03:00:00.000Z,,91,,0,1,0,0,1,0,0,,0,1,,1
WPR,FLU_SE_ASIA,Cambodia,KHM,NOTDEFINED,2022,28,2022-07-11T03:00:00.000Z,,104,,0,1,0,0,1,0,0,,0,1,,1
WPR,FLU_SE_ASIA,Cambodia,KHM,NOTDEFINED,2022,29,2022-07-18T03:00:00.000Z,,108,,0,2,0,0,2,0,0,,0,2,,1
WPR,FLU_SE_ASIA,Cambodia,KHM,NOTDEFINED,2022,30,2022-07-25T03:00:00.000Z,,98,,0,5,0,0,5,0,0,,0,5,,1
WPR,FLU_SE_ASIA,Cambodia,KHM,NOTDEFINED,2022,31,2022-08-01T03:00:00.000Z,,75,,0,4,0,0,4,0,0,,0,4,,1
WPR,FLU_SE_ASIA,Cambodia,KHM,NOTDEFINED,2022,32,2022-08-08T03:00:00.000Z,,120,,1,1,0,0,2,1,0,,1,3,,1
WPR,FLU_SE_ASIA,Cambodia,KHM,NOTDEFINED,2022,33,2022-08-15T03:00:00.000Z,,84,,0,7,0,0,7,0,0,,0,7,,1
WPR,FLU_SE_ASIA,Cambodia,KHM,NOTDEFINED,2022,34,2022-08-22T03:00:00.000Z,,113,,0,14,0,0,14,0,0,,0,14,,1
WPR,FLU_SE_ASIA,Cambodia,KHM,NOTDEFINED,2022,35,2022-08-29T03:00:00.000Z,,111,,0,15,0,0,15,0,0,,0,15,,1
WPR,FLU_SE_ASIA,Cambodia,KHM,NOTDEFINED,2022,36,2022-09-05T03:00:00.000Z,,104,,0,15,0,0,15,2,0,,2,17,,1
WPR,FLU_SE_ASIA,Cambodia,KHM,NOTDEFINED,2022,37,2022-09-12T03:00:00.000Z,,114,,0,13,0,0,13,1,0,,1,14,,1
WPR,FLU_SE_ASIA,Cambodia,KHM,NOTDEFINED,2022,38,2022-09-19T03:00:00.000Z,,105,,0,14,0,0,14,3,0,,3,17,,1
WPR,FLU_SE_ASIA,Cambodia,KHM,NOTDEFINED,2022,39,2022-09-26T03:00:00.000Z,,151,,2,20,0,0,22,2,0,,2,24,,1
WPR,FLU_SE_ASIA,Cambodia,KHM,NOTDEFINED,2022,40,2022-10-03T03:00:00.000Z,,145,,0,33,0,0,33,16,0,,16,49,,1
WPR,FLU_SE_ASIA,Cambodia,KHM,NOTDEFINED,2022,41,2022-10-10T03:00:00.000Z,,153,,2,19,0,0,21,25,0,,25,46,,1
WPR,FLU_SE_ASIA,Cambodia,KHM,NOTDEFINED,2022,42,2022-10-17T03:00:00.000Z,,132,,1,18,0,0,19,19,0,,19,38,,1
WPR,FLU_SE_ASIA,Cambodia,KHM,NOTDEFINED,2022,43,2022-10-24T03:00:00.000Z,,121,,0,7,0,0,7,27,0,,27,34,,1
WPR,FLU_SE_ASIA,Cambodia,KHM,NOTDEFINED,2022,44,2022-10-31T03:00:00.000Z,,73,,1,6,0,0,7,20,0,,20,27,,1
WPR,FLU_SE_ASIA,Cambodia,KHM,NOTDEFINED,2022,45,2022-11-07T03:00:00.000Z,,54,,0,2,0,0,2,10,0,,10,12,,1
WPR,FLU_SE_ASIA,Cambodia,KHM,NOTDEFINED,2022,46,2022-11-14T03:00:00.000Z,,94,,0,4,0,0,4,20,0,,20,24,,1
WPR,FLU_SE_ASIA,Cambodia,KHM,NOTDEFINED,2022,47,2022-11-21T03:00:00.000Z,,83,,0,1,0,0,1,15,0,,15,16,,1
WPR,FLU_EST_ASIA,China,CHN,NOTDEFINED,2021,39,2021-09-27T03:00:00.000Z,8881,7957,,,,,,,396,2,12,410,410,,4
WPR,FLU_EST_ASIA,China,CHN,NOTDEFINED,2021,40,2021-10-04T03:00:00.000Z,10161,8754,,,,,,,377,,3,380,380,,4
WPR,FLU_EST_ASIA,China,CHN,NOTDEFINED,2021,41,2021-10-11T03:00:00.000Z,11285,9811,,,2,,,2,396,,5,401,403,,4
WPR,FLU_EST_ASIA,China,CHN,NOTDEFINED,2021,42,2021-10-18T03:00:00.000Z,11386,9941,,,,,,,461,,2,463,463,,4
WPR,FLU_EST_ASIA,China,CHN,NOTDEFINED,2021,43,2021-10-25T03:00:00.000Z,11892,10054,,,1,,,1,618,,7,625,626,,4
WPR,FLU_EST_ASIA,China,CHN,NOTDEFINED,2021,44,2021-11-01T03:00:00.000Z,11676,10218,,,,,,,683,,3,686,686,,4
WPR,FLU_EST_ASIA,China,CHN,NOTDEFINED,2021,45,2021-11-08T03:00:00.000Z,11688,10290,,,,,,,808,,9,817,817,,4
WPR,FLU_EST_ASIA,China,CHN,NOTDEFINED,2021,46,2021-11-15T03:00:00.000Z,13334,11814,,,1,,,1,1101,,10,1111,1112,,4
WPR,FLU_EST_ASIA,China,CHN,NOTDEFINED,2021,47,2021-11-22T03:00:00.000Z,13299,11847,,,,,,,1149,,6,1155,1155,,4
WPR,FLU_EST_ASIA,China,CHN,NOTDEFINED,2021,48,2021-11-29T03:00:00.000Z,13493,11769,,,,,,,1515,,2,1517,1517,,4
WPR,FLU_EST_ASIA,China,CHN,NOTDEFINED,2021,49,2021-12-06T03:00:00.000Z,15570,13932,,,4,,,4,2038,,12,2050,2054,,4
WPR,FLU_EST_ASIA,China,CHN,NOTDEFINED,2021,50,2021-12-13T03:00:00.000Z,13777,12225,,,1,,,1,2317,,18,2335,2336,,4
WPR,FLU_EST_ASIA,China,CHN,NOTDEFINED,2021,51,2021-12-20T03:00:00.000Z,13799,11976,,,,,,,2389,,9,2398,2398,,4
WPR,FLU_EST_ASIA,China,CHN,NOTDEFINED,2021,52,2021-12-27T03:00:00.000Z,12540,11425,,,,,,,2812,,8,2820,2820,,4
WPR,FLU_EST_ASIA,China,CHN,NOTDEFINED,2022,1,2022-01-03T03:00:00.000Z,13476,12186,,,2,,,2,3126,,31,3157,3159,,4
WPR,FLU_EST_ASIA,China,CHN,NOTDEFINED,2022,2,2022-01-10T03:00:00.000Z,13255,11648,,,1,,,1,3197,,11,3208,3209,,4
WPR,FLU_EST_ASIA,China,CHN,NOTDEFINED,2022,3,2022-01-17T03:00:00.000Z,12145,10886,,,7,,,7,2936,,2,2938,2945,,4
WPR,FLU_EST_ASIA,China,CHN,NOTDEFINED,2022,4,2022-01-24T03:00:00.000Z,12157,11773,,,7,,,7,2594,,5,2599,2606,,4
WPR,FLU_EST_ASIA,China,CHN,NOTDEFINED,2022,5,2022-01-31T03:00:00.000Z,7434,5585,,,1,,,1,1087,,2,1089,1090,,4
WPR,FLU_EST_ASIA,China,CHN,NOTDEFINED,2022,6,2022-02-07T03:00:00.000Z,11453,10088,,,,,,,2000,,1,2001,2001,,4
WPR,FLU_EST_ASIA,China,CHN,NOTDEFINED,2022,7,2022-02-14T03:00:00.000Z,12011,10771,,,3,,,3,2063,,13,2076,2079,,4
WPR,FLU_EST_ASIA,China,CHN,NOTDEFINED,2022,8,2022-02-21T03:00:00.000Z,12452,10838,,,29,,,29,2067,,15,2082,2111,,4
WPR,FLU_EST_ASIA,China,CHN,NOTDEFINED,2022,9,2022-02-28T03:00:00.000Z,13128,11727,,,3,,,3,2276,,9,2285,2288,,4
WPR,FLU_EST_ASIA,China,CHN,NOTDEFINED,2022,10,2022-03-07T03:00:00.000Z,12035,10419,,,20,,,20,2032,,10,2042,2062,,4
WPR,FLU_EST_ASIA,China,CHN,NOTDEFINED,2022,11,2022-03-14T03:00:00.000Z,10998,9718,,,33,,,33,1399,,22,1421,1454,,4
WPR,FLU_EST_ASIA,China,CHN,NOTDEFINED,2022,12,2022-03-21T03:00:00.000Z,10593,9094,,,24,,,24,989,,15,1004,1028,,4
WPR,FLU_EST_ASIA,China,CHN,NOTDEFINED,2022,13,2022-03-28T03:00:00.000Z,10601,9875,,,64,,,64,710,,13,723,787,,4
WPR,FLU_EST_ASIA,China,CHN,NOTDEFINED,2022,14,2022-04-04T03:00:00.000Z,7900,6504,,,62,,,62,308,,,308,370,,4
WPR,FLU_EST_ASIA,China,CHN,NOTDEFINED,2022,15,2022-04-11T03:00:00.000Z,8283,7222,,1,68,,,69,229,,4,233,302,,4
WPR,FLU_EST_ASIA,China,CHN,NOTDEFINED,2022,16,2022-04-18T03:00:00.000Z,8415,7341,,,98,,,98,152,,,152,250,,4
WPR,FLU_EST_ASIA,China,CHN,NOTDEFINED,2022,17,2022-04-25T03:00:00.000Z,8111,6857,,,144,,,144,92,,,92,236,,4
WPR,FLU_EST_ASIA,China,CHN,NOTDEFINED,2022,18,2022-05-02T03:00:00.000Z,7376,6434,,,78,,,78,53,,,53,131,,4
WPR,FLU_EST_ASIA,China,CHN,NOTDEFINED,2022,19,2022-05-09T03:00:00.000Z,8228,7351,,,222,,,222,63,,,63,285,,4
WPR,FLU_EST_ASIA,China,CHN,NOTDEFINED,2022,20,2022-05-16T03:00:00.000Z,9407,8611,,,474,,,474,32,,,32,506,,4
WPR,FLU_EST_ASIA,China,CHN,NOTDEFINED,2022,21,2022-05-23T03:00:00.000Z,8825,7814,,,554,,,554,18,,,18,572,,4
WPR,FLU_EST_ASIA,China,CHN,NOTDEFINED,2022,22,2022-05-30T03:00:00.000Z,8176,7041,,,651,,,651,17,,,17,668,,4
WPR,FLU_EST_ASIA,China,CHN,NOTDEFINED,2022,23,2022-06-06T03:00:00.000Z,9262,8151,,,1055,,,1055,12,,,12,1067,,4
WPR,FLU_EST_ASIA,China,CHN,NOTDEFINED,2022,24,2022-06-13T03:00:00.000Z,10629,9362,,,1394,,,1394,14,,,14,1408,,4
WPR,FLU_EST_ASIA,China,CHN,NOTDEFINED,2022,25,2022-06-20T03:00:00.000Z,10459,9058,,,1756,,,1756,4,,,4,1760,,4
WPR,FLU_EST_ASIA,China,CHN,NOTDEFINED,2022,26,2022-06-27T03:00:00.000Z,9438,8177,,,1764,,,1764,1,,,1,1765,,4
WPR,FLU_EST_ASIA,China,CHN,NOTDEFINED,2022,27,2022-07-04T03:00:00.000Z,9532,8316,,,1901,,,1901,10,,,10,1911,,4
WPR,FLU_EST_ASIA,China,CHN,NOTDEFINED,2022,28,2022-07-11T03:00:00.000Z,8838,7645,,,1837,,,1837,8,,,8,1845,,4
WPR,FLU_EST_ASIA,China,CHN,NOTDEFINED,2022,29,2022-07-18T03:00:00.000Z,8717,7705,,,1584,,,1584,11,,,11,1595,,4
WPR,FLU_EST_ASIA,China,CHN,NOTDEFINED,2022,30,2022-07-25T03:00:00.000Z,8417,7559,,,1452,,,1452,14,,,14,1466,,4
WPR,FLU_EST_ASIA,China,CHN,NOTDEFINED,2022,31,2022-08-01T03:00:00.000Z,8586,7671,,,1393,,,1393,10,,,10,1403,,4
WPR,FLU_EST_ASIA,China,CHN,NOTDEFINED,2022,32,2022-08-08T03:00:00.000Z,8606,7620,,,1331,,,1331,10,,,10,1341,,4
WPR,FLU_EST_ASIA,China,CHN,NOTDEFINED,2022,33,2022-08-15T03:00:00.000Z,8609,7609,,,1130,,,1130,9,,,9,1139,,4
WPR,FLU_EST_ASIA,China,CHN,NOTDEFINED,2022,34,2022-08-22T03:00:00.000Z,8591,7820,,,973,,,973,5,,,5,978,,4
WPR,FLU_EST_ASIA,China,CHN,NOTDEFINED,2022,35,2022-08-29T03:00:00.000Z,9808,9780,,,727,,,727,9,,,9,736,,4
WPR,FLU_EST_ASIA,China,CHN,NOTDEFINED,2022,36,2022-09-05T03:00:00.000Z,10414,10381,,,658,,,658,14,,,14,672,,4
WPR,FLU_EST_ASIA,China,CHN,NOTDEFINED,2022,37,2022-09-12T03:00:00.000Z,10066,10000,,,677,,,677,5,,,5,682,,4
WPR,FLU_EST_ASIA,China,CHN,NOTDEFINED,2022,38,2022-09-19T03:00:00.000Z,10645,10527,,,561,,,561,1,,,1,562,,4
WPR,FLU_EST_ASIA,China,CHN,NOTDEFINED,2022,39,2022-09-26T03:00:00.000Z,10690,10566,,,682,,,682,3,,,3,685,,4
WPR,FLU_EST_ASIA,China,CHN,NOTDEFINED,2022,40,2022-10-03T03:00:00.000Z,11761,11625,,,601,,,601,1,,,1,602,,4
WPR,FLU_EST_ASIA,China,CHN,NOTDEFINED,2022,41,2022-10-10T03:00:00.000Z,12979,12739,,2,585,,,587,6,,,6,593,,4
WPR,FLU_EST_ASIA,China,CHN,NOTDEFINED,2022,42,2022-10-17T03:00:00.000Z,12758,12453,,,598,,,598,1,,,1,599,,4
WPR,FLU_EST_ASIA,China,CHN,NOTDEFINED,2022,43,2022-10-24T03:00:00.000Z,12826,12667,,2,575,,,577,,,,,577,,4
WPR,FLU_EST_ASIA,China,CHN,NOTDEFINED,2022,44,2022-10-31T03:00:00.000Z,12414,11934,,,457,,,457,20,,,20,477,,4
WPR,FLU_EST_ASIA,China,CHN,NOTDEFINED,2022,45,2022-11-07T03:00:00.000Z,11886,11315,,,458,,,458,,,,,458,,4
WPR,FLU_EST_ASIA,China,CHN,NOTDEFINED,2022,46,2022-11-14T03:00:00.000Z,10981,10412,,1,390,,,391,,,,,391,,4
WPR,FLU_EST_ASIA,China,CHN,NOTDEFINED,2022,47,2022-11-21T03:00:00.000Z,10086,9254,,,378,,,378,1,,,1,379,,4
WPR,FLU_EST_ASIA,China,CHN,NOTDEFINED,2022,48,2022-11-28T03:00:00.000Z,7103,5846,,,380,,,380,4,,,4,384,,4
WPR,FLU_EST_ASIA,"China, Hong Kong SAR",HKG,NOTDEFINED,2021,39,2021-09-27T03:00:00.000Z,1407,1407,,0,0,,,0,0,0,0,0,0,,3
WPR,FLU_EST_ASIA,"China, Hong Kong SAR",HKG,NOTDEFINED,2021,40,2021-10-04T03:00:00.000Z,1307,1307,,0,0,,,0,1,0,0,1,1,,3
WPR,FLU_EST_ASIA,"China, Hong Kong SAR",HKG,NOTDEFINED,2021,41,2021-10-11T03:00:00.000Z,1313,1313,,2,2,,,4,0,0,2,2,6,,3
WPR,FLU_EST_ASIA,"China, Hong Kong SAR",HKG,NOTDEFINED,2021,42,2021-10-18T03:00:00.000Z,1292,1292,,0,1,,,1,0,0,4,4,5,,3
WPR,FLU_EST_ASIA,"China, Hong Kong SAR",HKG,NOTDEFINED,2021,43,2021-10-25T03:00:00.000Z,1319,1319,,2,2,,,4,0,0,5,5,9,,3
WPR,FLU_EST_ASIA,"China, Hong Kong SAR",HKG,NOTDEFINED,2021,44,2021-11-01T03:00:00.000Z,1366,1366,,1,2,,,3,0,0,3,3,6,,3
WPR,FLU_EST_ASIA,"China, Hong Kong SAR",HKG,NOTDEFINED,2021,45,2021-11-08T03:00:00.000Z,1294,1294,,2,2,,,4,0,0,4,4,8,,3
WPR,FLU_EST_ASIA,"China, Hong Kong SAR",HKG,NOTDEFINED,2021,46,2021-11-15T03:00:00.000Z,1465,1465,,0,3,,,3,0,0,2,2,5,,3
WPR,FLU_EST_ASIA,"China, Hong Kong SAR",HKG,NOTDEFINED,2021,47,2021-11-22T03:00:00.000Z,1426,1426,,1,3,,,4,0,0,4,4,8,,3
WPR,FLU_EST_ASIA,"China, Hong Kong SAR",HKG,NOTDEFINED,2021,48,2021-11-29T03:00:00.000Z,1470,1470,,1,2,,,3,0,0,3,3,6,,3
WPR,FLU_EST_ASIA,"China, Hong Kong SAR",HKG,NOTDEFINED,2021,49,2021-12-06T03:00:00.000Z,1562,1562,,0,0,,,0,0,0,4,4,4,,3
WPR,FLU_EST_ASIA,"China, Hong Kong SAR",HKG,NOTDEFINED,2021,50,2021-12-13T03:00:00.000Z,1518,1518,,0,1,,,1,0,0,1,1,2,,3
WPR,FLU_EST_ASIA,"China, Hong Kong SAR",HKG,NOTDEFINED,2021,51,2021-12-20T03:00:00.000Z,1512,1512,,0,0,,,0,0,0,0,0,0,,3
WPR,FLU_EST_ASIA,"China, Hong Kong SAR",HKG,NOTDEFINED,2021,52,2021-12-27T03:00:00.000Z,1399,1399,,0,0,,,0,1,0,1,2,2,,3
WPR,FLU_EST_ASIA,"China, Hong Kong SAR",HKG,NOTDEFINED,2022,1,2022-01-03T03:00:00.000Z,1582,1582,,0,0,,,0,0,0,0,0,0,,3
WPR,FLU_EST_ASIA,"China, Hong Kong SAR",HKG,NOTDEFINED,2022,2,2022-01-10T03:00:00.000Z,1514,1514,,0,0,,,0,1,0,0,1,1,,3
WPR,FLU_EST_ASIA,"China, Hong Kong SAR",HKG,NOTDEFINED,2022,3,2022-01-17T03:00:00.000Z,1389,1389,,0,0,,,0,0,0,0,0,0,,3
WPR,FLU_EST_ASIA,"China, Hong Kong SAR",HKG,NOTDEFINED,2022,4,2022-01-24T03:00:00.000Z,1382,1382,,0,0,,,0,0,0,0,0,0,,3
WPR,FLU_EST_ASIA,"China, Hong Kong SAR",HKG,NOTDEFINED,2022,5,2022-01-31T03:00:00.000Z,1179,1179,,0,0,,,0,0,0,0,0,0,,3
WPR,FLU_EST_ASIA,"China, Hong Kong SAR",HKG,NOTDEFINED,2022,6,2022-02-07T03:00:00.000Z,1440,1440,,0,0,,,0,0,0,0,0,0,,3
WPR,FLU_EST_ASIA,"China, Hong Kong SAR",HKG,NOTDEFINED,2022,7,2022-02-14T03:00:00.000Z,1524,1524,,0,0,,,0,0,0,0,0,0,,3
WPR,FLU_EST_ASIA,"China, Hong Kong SAR",HKG,NOTDEFINED,2022,8,2022-02-21T03:00:00.000Z,1541,1541,,0,0,,,0,0,0,0,0,0,,3
WPR,FLU_EST_ASIA,"China, Hong Kong SAR",HKG,NOTDEFINED,2022,9,2022-02-28T03:00:00.000Z,1428,1428,,0,0,,,0,0,0,0,0,0,,3
WPR,FLU_EST_ASIA,"China, Hong Kong SAR",HKG,NOTDEFINED,2022,10,2022-03-07T03:00:00.000Z,1317,1317,,0,0,,,0,0,0,0,0,0,,3
WPR,FLU_EST_ASIA,"China, Hong Kong SAR",HKG,NOTDEFINED,2022,11,2022-03-14T03:00:00.000Z,1136,1136,,0,0,,,0,0,0,0,0,0,,3
WPR,FLU_EST_ASIA,"China, Hong Kong SAR",HKG,NOTDEFINED,2022,12,2022-03-21T03:00:00.000Z,894,894,,0,0,,,0,0,0,0,0,0,,3
WPR,FLU_EST_ASIA,"China, Hong Kong SAR",HKG,NOTDEFINED,2022,13,2022-03-28T03:00:00.000Z,912,912,,0,0,,,0,0,0,0,0,0,,3
WPR,FLU_EST_ASIA,"China, Hong Kong SAR",HKG,NOTDEFINED,2022,14,2022-04-04T03:00:00.000Z,819,819,,0,0,,,0,0,0,0,0,0,,3
WPR,FLU_EST_ASIA,"China, Hong Kong SAR",HKG,NOTDEFINED,2022,15,2022-04-11T03:00:00.000Z,774,774,,0,0,,,0,0,0,0,0,0,,3
WPR,FLU_EST_ASIA,"China, Hong Kong SAR",HKG,NOTDEFINED,2022,16,2022-04-18T03:00:00.000Z,729,729,,0,0,,,0,0,0,0,0,0,,3
WPR,FLU_EST_ASIA,"China, Hong Kong SAR",HKG,NOTDEFINED,2022,17,2022-04-25T03:00:00.000Z,1027,1027,,0,0,,,0,0,0,0,0,0,,3
WPR,FLU_EST_ASIA,"China, Hong Kong SAR",HKG,NOTDEFINED,2022,18,2022-05-02T03:00:00.000Z,1000,1000,,0,0,,,0,0,0,0,0,0,,3
WPR,FLU_EST_ASIA,"China, Hong Kong SAR",HKG,NOTDEFINED,2022,19,2022-05-09T03:00:00.000Z,1041,1041,,0,0,,,0,0,0,0,0,0,,3
WPR,FLU_EST_ASIA,"China, Hong Kong SAR",HKG,NOTDEFINED,2022,20,2022-05-16T03:00:00.000Z,1003,1003,,0,2,,,2,0,0,0,0,2,,3
WPR,FLU_EST_ASIA,"China, Hong Kong SAR",HKG,NOTDEFINED,2022,21,2022-05-23T03:00:00.000Z,1042,1042,,0,0,,,0,0,0,0,0,0,,3
WPR,FLU_EST_ASIA,"China, Hong Kong SAR",HKG,NOTDEFINED,2022,22,2022-05-30T03:00:00.000Z,1096,1096,,0,0,,,0,0,0,2,2,2,,3
WPR,FLU_EST_ASIA,"China, Hong Kong SAR",HKG,NOTDEFINED,2022,23,2022-06-06T03:00:00.000Z,1350,1350,,0,2,,,2,0,0,0,0,2,,3
WPR,FLU_EST_ASIA,"China, Hong Kong SAR",HKG,NOTDEFINED,2022,24,2022-06-13T03:00:00.000Z,1380,1380,,0,6,,,6,2,0,1,3,9,,3
WPR,FLU_EST_ASIA,"China, Hong Kong SAR",HKG,NOTDEFINED,2022,25,2022-06-20T03:00:00.000Z,1582,1582,,0,5,,,5,0,0,0,0,5,,3
WPR,FLU_EST_ASIA,"China, Hong Kong SAR",HKG,NOTDEFINED,2022,26,2022-06-27T03:00:00.000Z,1381,1381,,0,3,,,3,0,0,0,0,3,,3
WPR,FLU_EST_ASIA,"China, Hong Kong SAR",HKG,NOTDEFINED,2022,27,2022-07-04T03:00:00.000Z,1597,1597,,0,1,,,1,0,0,0,0,1,,3
WPR,FLU_EST_ASIA,"China, Hong Kong SAR",HKG,NOTDEFINED,2022,28,2022-07-11T03:00:00.000Z,1425,1425,,0,3,,,3,0,0,0,0,3,,3
WPR,FLU_EST_ASIA,"China, Hong Kong SAR",HKG,NOTDEFINED,2022,29,2022-07-18T03:00:00.000Z,516,516,,0,1,,,1,0,0,0,0,1,,3
WPR,FLU_EST_ASIA,"China, Hong Kong SAR",HKG,NOTDEFINED,2022,30,2022-07-25T03:00:00.000Z,537,537,,0,1,,,1,0,0,0,0,1,,3
WPR,FLU_EST_ASIA,"China, Hong Kong SAR",HKG,NOTDEFINED,2022,31,2022-08-01T03:00:00.000Z,544,544,,1,0,,,1,0,0,0,0,1,,3
WPR,FLU_EST_ASIA,"China, Hong Kong SAR",HKG,NOTDEFINED,2022,32,2022-08-08T03:00:00.000Z,569,569,,0,1,,,1,0,0,0,0,1,,3
WPR,FLU_EST_ASIA,"China, Hong Kong SAR",HKG,NOTDEFINED,2022,33,2022-08-15T03:00:00.000Z,634,634,,0,1,,,1,0,0,0,0,1,,3
WPR,FLU_EST_ASIA,"China, Hong Kong SAR",HKG,NOTDEFINED,2022,34,2022-08-22T03:00:00.000Z,658,658,,0,1,,,1,0,0,0,0,1,,3
WPR,FLU_EST_ASIA,"China, Hong Kong SAR",HKG,NOTDEFINED,2022,35,2022-08-29T03:00:00.000Z,707,707,,1,0,,,1,0,0,0,0,1,,3
WPR,FLU_EST_ASIA,"China, Hong Kong SAR",HKG,NOTDEFINED,2022,36,2022-09-05T03:00:00.000Z,625,625,,0,0,,,0,0,0,0,0,0,,3
WPR,FLU_EST_ASIA,"China, Hong Kong SAR",HKG,NOTDEFINED,2022,37,2022-09-12T03:00:00.000Z,552,552,,0,0,,,0,0,0,0,0,0,,3
WPR,FLU_EST_ASIA,"China, Hong Kong SAR",HKG,NOTDEFINED,2022,38,2022-09-19T03:00:00.000Z,588,588,,0,0,,,0,0,0,0,0,0,,3
WPR,FLU_EST_ASIA,"China, Hong Kong SAR",HKG,NOTDEFINED,2022,39,2022-09-26T03:00:00.000Z,448,448,,0,0,,,0,0,0,1,1,1,,3
WPR,FLU_EST_ASIA,"China, Hong Kong SAR",HKG,NOTDEFINED,2022,40,2022-10-03T03:00:00.000Z,577,577,,0,1,,,1,0,0,0,0,1,,3
WPR,FLU_EST_ASIA,"China, Hong Kong SAR",HKG,NOTDEFINED,2022,41,2022-10-10T03:00:00.000Z,694,694,,0,3,,,3,0,0,2,2,5,,3
WPR,FLU_EST_ASIA,"China, Hong Kong SAR",HKG,NOTDEFINED,2022,42,2022-10-17T03:00:00.000Z,617,617,,0,0,,,0,0,0,1,1,1,,3
WPR,FLU_EST_ASIA,"China, Hong Kong SAR",HKG,NOTDEFINED,2022,43,2022-10-24T03:00:00.000Z,626,626,,2,2,,,4,0,0,2,2,6,,3
WPR,FLU_EST_ASIA,"China, Hong Kong SAR",HKG,NOTDEFINED,2022,44,2022-10-31T03:00:00.000Z,564,564,,0,5,,,5,0,0,2,2,7,,3
WPR,FLU_EST_ASIA,"China, Hong Kong SAR",HKG,NOTDEFINED,2022,45,2022-11-07T03:00:00.000Z,587,587,,0,5,,,5,3,0,1,4,9,,3
WPR,FLU_EST_ASIA,"China, Hong Kong SAR",HKG,NOTDEFINED,2022,46,2022-11-14T03:00:00.000Z,664,664,,1,7,,,8,0,0,0,0,8,,3
WPR,FLU_EST_ASIA,"China, Hong Kong SAR",HKG,NOTDEFINED,2022,47,2022-11-21T03:00:00.000Z,657,657,,0,6,,,6,1,0,2,3,9,,3
WPR,FLU_EST_ASIA,"China, Hong Kong SAR",HKG,NOTDEFINED,2022,48,2022-11-28T03:00:00.000Z,667,667,,2,2,,,4,0,0,1,1,5,,3
WPR,FLU_OCE_MEL_POL,Fiji,FJI,NOTDEFINED,2021,41,2021-10-11T03:00:00.000Z,458,78,,,,,,,,,,,,44,2
WPR,FLU_OCE_MEL_POL,Fiji,FJI,NOTDEFINED,2021,43,2021-10-25T03:00:00.000Z,343,54,,,,,,,,,,,,54,2
WPR,FLU_OCE_MEL_POL,Fiji,FJI,NOTDEFINED,2021,45,2021-11-08T03:00:00.000Z,100,53,,,,,,,,,,,,53,2
WPR,FLU_OCE_MEL_POL,Fiji,FJI,NOTDEFINED,2021,46,2021-11-15T03:00:00.000Z,180,51,,,,,,,,,,,,51,2
WPR,FLU_OCE_MEL_POL,Fiji,FJI,NOTDEFINED,2021,47,2021-11-22T03:00:00.000Z,163,77,,,,,,,,,,,,77,2
WPR,FLU_OCE_MEL_POL,Fiji,FJI,NOTDEFINED,2022,6,2022-02-07T03:00:00.000Z,150,80,,,11,,,11,,,,,11,69,2
WPR,FLU_OCE_MEL_POL,Fiji,FJI,NOTDEFINED,2022,7,2022-02-14T03:00:00.000Z,150,67,,,22,,,22,,,,,22,45,2
WPR,FLU_OCE_MEL_POL,Fiji,FJI,NOTDEFINED,2022,8,2022-02-21T03:00:00.000Z,150,73,,,37,,,37,,,,,37,36,2
WPR,FLU_OCE_MEL_POL,Fiji,FJI,NOTDEFINED,2022,9,2022-02-28T03:00:00.000Z,150,69,,,40,,,40,,,,,40,29,2
WPR,FLU_OCE_MEL_POL,Fiji,FJI,NOTDEFINED,2022,10,2022-03-07T03:00:00.000Z,150,58,,,27,,,27,,,,,27,31,2
WPR,FLU_OCE_MEL_POL,Fiji,FJI,NOTDEFINED,2022,11,2022-03-14T03:00:00.000Z,150,100,,,49,,,49,,,,,49,51,2
WPR,FLU_OCE_MEL_POL,Fiji,FJI,NOTDEFINED,2022,12,2022-03-21T03:00:00.000Z,150,51,,,14,,,14,,,,,14,37,2
WPR,FLU_OCE_MEL_POL,Fiji,FJI,NOTDEFINED,2022,13,2022-03-28T03:00:00.000Z,150,50,,,7,,,7,,,,,7,43,2
WPR,FLU_OCE_MEL_POL,Fiji,FJI,NOTDEFINED,2022,14,2022-04-04T03:00:00.000Z,150,52,,,1,,,1,,,,,1,51,2
WPR,FLU_OCE_MEL_POL,Fiji,FJI,NOTDEFINED,2022,15,2022-04-11T03:00:00.000Z,150,44,,,1,,,1,,,,,1,43,2
WPR,FLU_OCE_MEL_POL,Fiji,FJI,NOTDEFINED,2022,16,2022-04-18T03:00:00.000Z,150,31,,,0,,,0,,,,,0,31,2
WPR,FLU_OCE_MEL_POL,Fiji,FJI,NOTDEFINED,2022,18,2022-05-02T03:00:00.000Z,150,27,,,0,,,0,,,,,0,27,2
WPR,FLU_OCE_MEL_POL,Fiji,FJI,NOTDEFINED,2022,19,2022-05-09T03:00:00.000Z,150,80,,,0,,,0,,,,,0,80,2
WPR,FLU_OCE_MEL_POL,Fiji,FJI,NOTDEFINED,2022,20,2022-05-16T03:00:00.000Z,150,81,,,0,,,0,,,,,0,81,2
WPR,FLU_OCE_MEL_POL,Fiji,FJI,NOTDEFINED,2022,21,2022-05-23T03:00:00.000Z,150,127,,,,,,,,,,,,127,2
WPR,FLU_OCE_MEL_POL,Fiji,FJI,NOTDEFINED,2022,22,2022-05-30T03:00:00.000Z,150,89,,,,,,,,,,,,89,2
WPR,FLU_OCE_MEL_POL,Fiji,FJI,NOTDEFINED,2022,25,2022-06-20T03:00:00.000Z,150,32,,,1,,,1,,,,,1,31,2
WPR,FLU_OCE_MEL_POL,Fiji,FJI,NOTDEFINED,2022,26,2022-06-27T03:00:00.000Z,150,53,,,0,,,0,,,,,0,53,2
WPR,FLU_OCE_MEL_POL,Fiji,FJI,NOTDEFINED,2022,27,2022-07-04T03:00:00.000Z,150,24,,,0,,,0,,,,,0,24,2
WPR,FLU_OCE_MEL_POL,Fiji,FJI,NOTDEFINED,2022,28,2022-07-11T03:00:00.000Z,150,25,,,0,,,0,,,,,0,25,2
WPR,FLU_OCE_MEL_POL,Fiji,FJI,NOTDEFINED,2022,29,2022-07-18T03:00:00.000Z,150,25,,,0,,,0,,,,,0,25,2
WPR,FLU_OCE_MEL_POL,Fiji,FJI,NOTDEFINED,2022,30,2022-07-25T03:00:00.000Z,150,26,,,0,,,0,,,,,0,26,2
WPR,FLU_OCE_MEL_POL,Fiji,FJI,NOTDEFINED,2022,31,2022-08-01T03:00:00.000Z,150,18,,,0,,,0,,,,,0,18,2
WPR,FLU_OCE_MEL_POL,Fiji,FJI,NOTDEFINED,2022,32,2022-08-08T03:00:00.000Z,150,29,,,0,,,0,,,,,0,29,2
WPR,FLU_OCE_MEL_POL,Fiji,FJI,NOTDEFINED,2022,33,2022-08-15T03:00:00.000Z,150,32,,,0,,,0,,,,,0,32,2
WPR,FLU_OCE_MEL_POL,Fiji,FJI,NOTDEFINED,2022,34,2022-08-22T03:00:00.000Z,150,15,,,0,,,0,,,,,0,15,2
WPR,FLU_OCE_MEL_POL,Fiji,FJI,NOTDEFINED,2022,35,2022-08-29T03:00:00.000Z,150,21,,,0,,,0,,,,,0,15,2
WPR,FLU_OCE_MEL_POL,Fiji,FJI,NOTDEFINED,2022,36,2022-09-05T03:00:00.000Z,150,11,,,0,,,0,,,,,0,11,2
WPR,FLU_OCE_MEL_POL,Fiji,FJI,NOTDEFINED,2022,37,2022-09-12T03:00:00.000Z,150,32,,,0,,,0,,,,,0,22,2
WPR,FLU_OCE_MEL_POL,Fiji,FJI,NOTDEFINED,2022,39,2022-09-26T03:00:00.000Z,150,22,,,0,,,0,,,,,0,22,2
WPR,FLU_OCE_MEL_POL,Fiji,FJI,NOTDEFINED,2022,44,2022-10-31T03:00:00.000Z,150,40,,,,,,,,,,,,40,2
WPR,FLU_OCE_MEL_POL,Fiji,FJI,NOTDEFINED,2022,47,2022-11-21T03:00:00.000Z,150,61,,,,,,,,,,,,61,2
WPR,FLU_EST_ASIA,Japan,JPN,NOTDEFINED,2021,39,2021-09-27T03:00:00.000Z,,,0,0,0,0,0,0,0,0,0,0,0,342,2
WPR,FLU_EST_ASIA,Japan,JPN,NOTDEFINED,2021,40,2021-10-04T03:00:00.000Z,,,0,0,0,0,0,0,0,0,0,0,0,453,2
WPR,FLU_EST_ASIA,Japan,JPN,NOTDEFINED,2021,41,2021-10-11T03:00:00.000Z,,,0,0,0,0,0,0,0,0,0,0,0,205,2
WPR,FLU_EST_ASIA,Japan,JPN,NOTDEFINED,2021,42,2021-10-18T03:00:00.000Z,,,0,0,0,0,0,0,0,0,0,0,0,145,2
WPR,FLU_EST_ASIA,Japan,JPN,NOTDEFINED,2021,43,2021-10-25T03:00:00.000Z,,,0,0,0,0,0,0,0,0,0,0,0,80,2
WPR,FLU_EST_ASIA,Japan,JPN,NOTDEFINED,2021,44,2021-11-01T03:00:00.000Z,,,0,0,0,0,0,0,0,0,0,0,0,98,2
WPR,FLU_EST_ASIA,Japan,JPN,NOTDEFINED,2021,45,2021-11-08T03:00:00.000Z,,,0,0,0,0,0,0,0,0,0,0,0,204,3
WPR,FLU_EST_ASIA,Japan,JPN,NOTDEFINED,2021,46,2021-11-15T03:00:00.000Z,,,0,0,0,0,0,0,0,0,0,0,0,160,2
WPR,FLU_EST_ASIA,Japan,JPN,NOTDEFINED,2021,47,2021-11-22T03:00:00.000Z,,,0,0,0,0,0,0,0,0,0,0,0,63,3
WPR,FLU_EST_ASIA,Japan,JPN,NOTDEFINED,2021,48,2021-11-29T03:00:00.000Z,,,0,0,0,0,0,0,0,0,0,0,0,164,3
WPR,FLU_EST_ASIA,Japan,JPN,NOTDEFINED,2021,49,2021-12-06T03:00:00.000Z,,,0,0,1,0,0,1,0,0,0,0,1,110,3
WPR,FLU_EST_ASIA,Japan,JPN,NOTDEFINED,2021,50,2021-12-13T03:00:00.000Z,,,0,0,2,0,0,2,0,0,0,0,2,353,3
WPR,FLU_EST_ASIA,Japan,JPN,NOTDEFINED,2021,51,2021-12-20T03:00:00.000Z,,,0,0,1,0,0,1,0,0,0,0,1,1085,3
WPR,FLU_EST_ASIA,Japan,JPN,NOTDEFINED,2021,52,2021-12-27T03:00:00.000Z,,,0,0,0,0,0,0,0,0,0,0,0,412,3
WPR,FLU_EST_ASIA,Japan,JPN,NOTDEFINED,2022,1,2022-01-03T03:00:00.000Z,,,0,0,0,0,0,0,0,0,0,0,0,398,3
WPR,FLU_EST_ASIA,Japan,JPN,NOTDEFINED,2022,2,2022-01-10T03:00:00.000Z,,,0,0,0,0,0,0,0,0,0,0,0,1988,3
WPR,FLU_EST_ASIA,Japan,JPN,NOTDEFINED,2022,3,2022-01-17T03:00:00.000Z,,,0,0,0,0,0,0,0,0,0,0,0,3156,3
WPR,FLU_EST_ASIA,Japan,JPN,NOTDEFINED,2022,4,2022-01-24T03:00:00.000Z,,,0,0,0,0,0,0,0,0,0,0,0,3487,3
WPR,FLU_EST_ASIA,Japan,JPN,NOTDEFINED,2022,5,2022-01-31T03:00:00.000Z,,,0,0,0,0,0,0,0,0,0,0,0,1780,3
WPR,FLU_EST_ASIA,Japan,JPN,NOTDEFINED,2022,6,2022-02-07T03:00:00.000Z,,,0,0,0,0,0,0,0,0,0,0,0,3233,3
WPR,FLU_EST_ASIA,Japan,JPN,NOTDEFINED,2022,7,2022-02-14T03:00:00.000Z,,,0,0,0,0,0,0,0,0,0,0,0,2412,3
WPR,FLU_EST_ASIA,Japan,JPN,NOTDEFINED,2022,8,2022-02-21T03:00:00.000Z,,,0,1,0,0,0,1,0,0,0,0,1,2615,3
WPR,FLU_EST_ASIA,Japan,JPN,NOTDEFINED,2022,9,2022-02-28T03:00:00.000Z,,,0,0,0,0,0,0,0,0,0,0,0,2438,2
WPR,FLU_EST_ASIA,Japan,JPN,NOTDEFINED,2022,10,2022-03-07T03:00:00.000Z,,,0,0,0,0,0,0,0,0,0,0,0,1518,2
WPR,FLU_EST_ASIA,Japan,JPN,NOTDEFINED,2022,11,2022-03-14T03:00:00.000Z,,,0,0,0,0,0,0,0,0,0,0,0,1746,2
WPR,FLU_EST_ASIA,Japan,JPN,NOTDEFINED,2022,12,2022-03-21T03:00:00.000Z,,,0,0,0,0,0,0,0,0,0,0,0,1234,2
WPR,FLU_EST_ASIA,Japan,JPN,NOTDEFINED,2022,13,2022-03-28T03:00:00.000Z,,,0,0,0,0,0,0,0,0,0,0,0,1945,2
WPR,FLU_EST_ASIA,Japan,JPN,NOTDEFINED,2022,14,2022-04-04T03:00:00.000Z,,,0,0,0,0,0,0,0,0,0,0,0,1582,2
WPR,FLU_EST_ASIA,Japan,JPN,NOTDEFINED,2022,15,2022-04-11T03:00:00.000Z,,,0,0,0,0,0,0,0,0,0,0,0,1038,2
WPR,FLU_EST_ASIA,Japan,JPN,NOTDEFINED,2022,16,2022-04-18T03:00:00.000Z,,,0,0,0,0,0,0,0,0,0,0,0,833,2
WPR,FLU_EST_ASIA,Japan,JPN,NOTDEFINED,2022,17,2022-04-25T03:00:00.000Z,,,0,0,0,0,0,0,0,0,0,0,0,993,2
WPR,FLU_EST_ASIA,Japan,JPN,NOTDEFINED,2022,18,2022-05-02T03:00:00.000Z,,,0,0,0,0,0,0,0,0,0,0,0,414,2
WPR,FLU_EST_ASIA,Japan,JPN,NOTDEFINED,2022,19,2022-05-09T03:00:00.000Z,,,0,0,0,0,0,0,0,0,0,0,0,433,2
WPR,FLU_EST_ASIA,Japan,JPN,NOTDEFINED,2022,20,2022-05-16T03:00:00.000Z,,,0,0,0,0,0,0,0,0,0,0,0,540,2
WPR,FLU_EST_ASIA,Japan,JPN,NOTDEFINED,2022,21,2022-05-23T03:00:00.000Z,,,0,0,0,0,0,0,0,0,0,0,0,292,2
WPR,FLU_EST_ASIA,Japan,JPN,NOTDEFINED,2022,22,2022-05-30T03:00:00.000Z,,,0,0,0,0,0,0,0,0,0,0,0,220,2
WPR,FLU_EST_ASIA,Japan,JPN,NOTDEFINED,2022,23,2022-06-06T03:00:00.000Z,,,0,0,0,0,0,0,0,0,0,0,0,217,2
WPR,FLU_EST_ASIA,Japan,JPN,NOTDEFINED,2022,24,2022-06-13T03:00:00.000Z,,,0,0,0,0,0,0,0,0,0,0,0,136,2
WPR,FLU_EST_ASIA,Japan,JPN,NOTDEFINED,2022,25,2022-06-20T03:00:00.000Z,,,0,0,1,0,0,1,0,0,0,0,1,371,2
WPR,FLU_EST_ASIA,Japan,JPN,NOTDEFINED,2022,26,2022-06-27T03:00:00.000Z,,,0,0,0,0,0,0,0,0,0,0,0,640,2
WPR,FLU_EST_ASIA,Japan,JPN,NOTDEFINED,2022,27,2022-07-04T03:00:00.000Z,,,0,0,16,0,0,16,0,0,0,0,16,833,3
WPR,FLU_EST_ASIA,Japan,JPN,NOTDEFINED,2022,28,2022-07-11T03:00:00.000Z,,,0,0,1,0,0,1,0,0,0,0,1,1003,3
WPR,FLU_EST_ASIA,Japan,JPN,NOTDEFINED,2022,29,2022-07-18T03:00:00.000Z,,,0,0,2,0,0,2,0,0,0,0,2,1397,3
WPR,FLU_EST_ASIA,Japan,JPN,NOTDEFINED,2022,30,2022-07-25T03:00:00.000Z,,,0,0,5,0,0,5,0,0,0,0,5,1518,3
WPR,FLU_EST_ASIA,Japan,JPN,NOTDEFINED,2022,31,2022-08-01T03:00:00.000Z,,,0,0,2,0,0,2,0,0,0,0,2,64,3
WPR,FLU_EST_ASIA,Japan,JPN,NOTDEFINED,2022,32,2022-08-08T03:00:00.000Z,,,0,0,1,0,0,1,0,0,0,0,1,19,3
WPR,FLU_EST_ASIA,Japan,JPN,NOTDEFINED,2022,33,2022-08-15T03:00:00.000Z,,,0,0,10,0,0,10,0,0,0,0,10,80,3
WPR,FLU_EST_ASIA,Japan,JPN,NOTDEFINED,2022,34,2022-08-22T03:00:00.000Z,,,0,1,0,0,0,1,0,0,0,0,1,372,3
WPR,FLU_EST_ASIA,Japan,JPN,NOTDEFINED,2022,35,2022-08-29T03:00:00.000Z,,,0,0,3,0,0,3,0,0,0,0,3,42,3
WPR,FLU_EST_ASIA,Japan,JPN,NOTDEFINED,2022,36,2022-09-05T03:00:00.000Z,,,0,0,3,0,0,3,0,0,0,0,3,450,3
WPR,FLU_EST_ASIA,Japan,JPN,NOTDEFINED,2022,37,2022-09-12T03:00:00.000Z,,,0,0,1,0,0,1,0,0,0,0,1,21,3
WPR,FLU_EST_ASIA,Japan,JPN,NOTDEFINED,2022,38,2022-09-19T03:00:00.000Z,,,0,0,0,0,0,0,0,0,0,0,0,8,3
WPR,FLU_EST_ASIA,Japan,JPN,NOTDEFINED,2022,39,2022-09-26T03:00:00.000Z,,,0,0,1,0,0,1,0,0,0,0,1,94,3
WPR,FLU_EST_ASIA,Japan,JPN,NOTDEFINED,2022,40,2022-10-03T03:00:00.000Z,,,0,0,0,0,0,0,0,0,0,0,0,5,3
WPR,FLU_EST_ASIA,Japan,JPN,NOTDEFINED,2022,41,2022-10-10T03:00:00.000Z,,,0,0,0,0,0,0,0,0,0,0,0,9,3
WPR,FLU_EST_ASIA,Japan,JPN,NOTDEFINED,2022,42,2022-10-17T03:00:00.000Z,,,0,0,0,0,0,0,0,0,0,0,0,4,3
WPR,FLU_EST_ASIA,Japan,JPN,NOTDEFINED,2022,43,2022-10-24T03:00:00.000Z,,,0,0,3,0,0,3,0,0,0,0,3,65,3
WPR,FLU_EST_ASIA,Japan,JPN,NOTDEFINED,2022,44,2022-10-31T03:00:00.000Z,,,0,0,1,0,0,1,0,0,0,0,1,33,3
WPR,FLU_EST_ASIA,Japan,JPN,NOTDEFINED,2022,45,2022-11-07T03:00:00.000Z,,,0,0,1,0,0,1,0,0,0,0,1,3,3
WPR,FLU_EST_ASIA,Japan,JPN,NOTDEFINED,2022,46,2022-11-14T03:00:00.000Z,,,0,0,1,0,1,2,0,0,0,0,2,14,3
WPR,FLU_EST_ASIA,Japan,JPN,NOTDEFINED,2022,47,2022-11-21T03:00:00.000Z,,,0,0,3,0,0,3,0,0,0,0,3,7,3
WPR,FLU_EST_ASIA,Japan,JPN,NOTDEFINED,2022,48,2022-11-28T03:00:00.000Z,,,0,0,1,0,0,1,0,0,0,0,1,5,3
WPR,FLU_SE_ASIA,Lao People's Democratic Republic,LAO,NONSENTINEL,2021,39,2021-09-27T03:00:00.000Z,0,0,,0,0,0,0,0,0,0,0,0,0,0,1
WPR,FLU_SE_ASIA,Lao People's Democratic Republic,LAO,NONSENTINEL,2021,40,2021-10-04T03:00:00.000Z,0,0,,0,0,0,0,0,0,0,0,0,0,0,1
WPR,FLU_SE_ASIA,Lao People's Democratic Republic,LAO,NONSENTINEL,2021,41,2021-10-11T03:00:00.000Z,0,0,,0,0,0,0,0,0,0,0,0,0,0,1
WPR,FLU_SE_ASIA,Lao People's Democratic Republic,LAO,NONSENTINEL,2021,42,2021-10-18T03:00:00.000Z,0,0,,0,0,0,0,0,0,0,0,0,0,0,1
WPR,FLU_SE_ASIA,Lao People's Democratic Republic,LAO,NONSENTINEL,2021,43,2021-10-25T03:00:00.000Z,0,0,,0,0,0,0,0,0,0,0,0,0,0,1
WPR,FLU_SE_ASIA,Lao People's Democratic Republic,LAO,NONSENTINEL,2021,44,2021-11-01T03:00:00.000Z,0,0,,0,0,0,0,0,0,0,0,0,0,0,1
WPR,FLU_SE_ASIA,Lao People's Democratic Republic,LAO,NONSENTINEL,2021,45,2021-11-08T03:00:00.000Z,0,0,,0,0,0,0,0,0,0,0,0,0,0,1
WPR,FLU_SE_ASIA,Lao People's Democratic Republic,LAO,NONSENTINEL,2021,46,2021-11-15T03:00:00.000Z,0,0,,0,0,0,0,0,0,0,0,0,0,0,1
WPR,FLU_SE_ASIA,Lao People's Democratic Republic,LAO,NONSENTINEL,2021,47,2021-11-22T03:00:00.000Z,0,0,,0,0,0,0,0,0,0,0,0,0,0,1
WPR,FLU_SE_ASIA,Lao People's Democratic Republic,LAO,NONSENTINEL,2021,48,2021-11-29T03:00:00.000Z,0,0,,0,0,0,0,0,0,0,0,0,0,0,1
WPR,FLU_SE_ASIA,Lao People's Democratic Republic,LAO,NONSENTINEL,2021,49,2021-12-06T03:00:00.000Z,0,0,,0,0,0,0,0,0,0,0,0,0,0,1
WPR,FLU_SE_ASIA,Lao People's Democratic Republic,LAO,NONSENTINEL,2021,50,2021-12-13T03:00:00.000Z,0,0,,0,0,0,0,0,0,0,0,0,0,0,1
WPR,FLU_SE_ASIA,Lao People's Democratic Republic,LAO,NONSENTINEL,2021,51,2021-12-20T03:00:00.000Z,0,0,,0,0,0,0,0,0,0,0,0,0,0,1
WPR,FLU_SE_ASIA,Lao People's Democratic Republic,LAO,NONSENTINEL,2021,52,2021-12-27T03:00:00.000Z,0,0,,0,0,0,0,0,0,0,0,0,0,0,1
WPR,FLU_SE_ASIA,Lao People's Democratic Republic,LAO,NONSENTINEL,2022,1,2022-01-03T03:00:00.000Z,0,0,,0,0,0,0,0,0,0,0,0,0,0,1
WPR,FLU_SE_ASIA,Lao People's Democratic Republic,LAO,NONSENTINEL,2022,2,2022-01-10T03:00:00.000Z,0,0,,0,0,0,0,0,0,0,0,0,0,0,1
WPR,FLU_SE_ASIA,Lao People's Democratic Republic,LAO,NONSENTINEL,2022,3,2022-01-17T03:00:00.000Z,0,0,,0,0,0,0,0,0,0,0,0,0,0,1
WPR,FLU_SE_ASIA,Lao People's Democratic Republic,LAO,NONSENTINEL,2022,4,2022-01-24T03:00:00.000Z,0,0,,0,0,0,0,0,0,0,0,0,0,0,1
WPR,FLU_SE_ASIA,Lao People's Democratic Republic,LAO,NONSENTINEL,2022,5,2022-01-31T03:00:00.000Z,0,0,,0,0,0,0,0,0,0,0,0,0,0,1
WPR,FLU_SE_ASIA,Lao People's Democratic Republic,LAO,NONSENTINEL,2022,6,2022-02-07T03:00:00.000Z,0,0,,0,0,0,0,0,0,0,0,0,0,0,1
WPR,FLU_SE_ASIA,Lao People's Democratic Republic,LAO,NONSENTINEL,2022,7,2022-02-14T03:00:00.000Z,0,0,,0,0,0,0,0,0,0,0,0,0,0,1
WPR,FLU_SE_ASIA,Lao People's Democratic Republic,LAO,NONSENTINEL,2022,8,2022-02-21T03:00:00.000Z,0,0,,0,0,0,0,0,0,0,0,0,0,0,1
WPR,FLU_SE_ASIA,Lao People's Democratic Republic,LAO,NONSENTINEL,2022,9,2022-02-28T03:00:00.000Z,0,0,,0,0,0,0,0,0,0,0,0,0,0,1
WPR,FLU_SE_ASIA,Lao People's Democratic Republic,LAO,NONSENTINEL,2022,10,2022-03-07T03:00:00.000Z,0,0,,0,0,0,0,0,0,0,0,0,0,0,1
WPR,FLU_SE_ASIA,Lao People's Democratic Republic,LAO,NONSENTINEL,2022,11,2022-03-14T03:00:00.000Z,0,0,,0,0,0,0,0,0,0,0,0,0,0,1
WPR,FLU_SE_ASIA,Lao People's Democratic Republic,LAO,NONSENTINEL,2022,12,2022-03-21T03:00:00.000Z,0,0,,0,0,0,0,0,0,0,0,0,0,0,1
WPR,FLU_SE_ASIA,Lao People's Democratic Republic,LAO,NONSENTINEL,2022,13,2022-03-28T03:00:00.000Z,0,0,,0,0,0,0,0,0,0,0,0,0,0,1
WPR,FLU_SE_ASIA,Lao People's Democratic Republic,LAO,NONSENTINEL,2022,14,2022-04-04T03:00:00.000Z,0,0,,0,0,0,0,0,0,0,0,0,0,0,1
WPR,FLU_SE_ASIA,Lao People's Democratic Republic,LAO,NONSENTINEL,2022,15,2022-04-11T03:00:00.000Z,0,0,,0,0,0,0,0,0,0,0,0,0,0,1
WPR,FLU_SE_ASIA,Lao People's Democratic Republic,LAO,NONSENTINEL,2022,16,2022-04-18T03:00:00.000Z,0,0,,0,0,0,0,0,0,0,0,0,0,0,1
WPR,FLU_SE_ASIA,Lao People's Democratic Republic,LAO,NONSENTINEL,2022,17,2022-04-25T03:00:00.000Z,0,0,,0,0,0,0,0,0,0,0,0,0,0,1
WPR,FLU_SE_ASIA,Lao People's Democratic Republic,LAO,NONSENTINEL,2022,18,2022-05-02T03:00:00.000Z,0,0,,0,0,0,0,0,0,0,0,0,0,0,1
WPR,FLU_SE_ASIA,Lao People's Democratic Republic,LAO,NONSENTINEL,2022,19,2022-05-09T03:00:00.000Z,0,0,,0,0,0,0,0,0,0,0,0,0,0,1
WPR,FLU_SE_ASIA,Lao People's Democratic Republic,LAO,NONSENTINEL,2022,20,2022-05-16T03:00:00.000Z,0,0,,0,0,0,0,0,0,0,0,0,0,0,1
WPR,FLU_SE_ASIA,Lao People's Democratic Republic,LAO,NONSENTINEL,2022,21,2022-05-23T03:00:00.000Z,0,0,,0,0,0,0,0,0,0,0,0,0,0,1
WPR,FLU_SE_ASIA,Lao People's Democratic Republic,LAO,NONSENTINEL,2022,22,2022-05-30T03:00:00.000Z,0,0,,0,0,0,0,0,0,0,0,0,0,0,1
WPR,FLU_SE_ASIA,Lao People's Democratic Republic,LAO,NONSENTINEL,2022,23,2022-06-06T03:00:00.000Z,0,0,,0,0,0,0,0,0,0,0,0,0,0,1
WPR,FLU_SE_ASIA,Lao People's Democratic Republic,LAO,NONSENTINEL,2022,24,2022-06-13T03:00:00.000Z,0,0,,0,0,0,0,0,0,0,0,0,0,0,1
WPR,FLU_SE_ASIA,Lao People's Democratic Republic,LAO,NONSENTINEL,2022,25,2022-06-20T03:00:00.000Z,0,0,,0,0,0,0,0,0,0,0,0,0,0,1
WPR,FLU_SE_ASIA,Lao People's Democratic Republic,LAO,NONSENTINEL,2022,26,2022-06-27T03:00:00.000Z,0,0,,0,0,0,0,0,0,0,0,0,0,0,1
WPR,FLU_SE_ASIA,Lao People's Democratic Republic,LAO,NONSENTINEL,2022,27,2022-07-04T03:00:00.000Z,0,0,,0,0,0,0,0,0,0,0,0,0,0,1
WPR,FLU_SE_ASIA,Lao People's Democratic Republic,LAO,NONSENTINEL,2022,28,2022-07-11T03:00:00.000Z,0,0,,0,0,0,0,0,0,0,0,0,0,0,1
WPR,FLU_SE_ASIA,Lao People's Democratic Republic,LAO,NONSENTINEL,2022,29,2022-07-18T03:00:00.000Z,0,0,,0,0,0,0,0,0,0,0,0,0,0,1
WPR,FLU_SE_ASIA,Lao People's Democratic Republic,LAO,NONSENTINEL,2022,30,2022-07-25T03:00:00.000Z,0,0,,0,0,0,0,0,0,0,0,0,0,0,1
WPR,FLU_SE_ASIA,Lao People's Democratic Republic,LAO,NONSENTINEL,2022,31,2022-08-01T03:00:00.000Z,0,0,,0,0,0,0,0,0,0,0,0,0,0,1
WPR,FLU_SE_ASIA,Lao People's Democratic Republic,LAO,NONSENTINEL,2022,32,2022-08-08T03:00:00.000Z,0,0,,0,0,0,0,0,0,0,0,0,0,0,1
WPR,FLU_SE_ASIA,Lao People's Democratic Republic,LAO,NONSENTINEL,2022,33,2022-08-15T03:00:00.000Z,0,0,,0,0,0,0,0,0,0,0,0,0,0,1
WPR,FLU_SE_ASIA,Lao People's Democratic Republic,LAO,NONSENTINEL,2022,34,2022-08-22T03:00:00.000Z,0,0,,0,0,0,0,0,0,0,0,0,0,0,1
WPR,FLU_SE_ASIA,Lao People's Democratic Republic,LAO,NONSENTINEL,2022,35,2022-08-29T03:00:00.000Z,0,0,,0,0,0,0,0,0,0,0,0,0,0,1
WPR,FLU_SE_ASIA,Lao People's Democratic Republic,LAO,NONSENTINEL,2022,36,2022-09-05T03:00:00.000Z,0,0,,0,0,0,0,0,0,0,0,0,0,0,1
WPR,FLU_SE_ASIA,Lao People's Democratic Republic,LAO,NONSENTINEL,2022,37,2022-09-12T03:00:00.000Z,0,0,,0,0,0,0,0,0,0,0,0,0,0,1
WPR,FLU_SE_ASIA,Lao People's Democratic Republic,LAO,NONSENTINEL,2022,38,2022-09-19T03:00:00.000Z,0,0,,0,0,0,0,0,0,0,0,0,0,0,1
WPR,FLU_SE_ASIA,Lao People's Democratic Republic,LAO,NONSENTINEL,2022,39,2022-09-26T03:00:00.000Z,0,0,,0,0,0,0,0,0,0,0,0,0,0,1
WPR,FLU_SE_ASIA,Lao People's Democratic Republic,LAO,NONSENTINEL,2022,40,2022-10-03T03:00:00.000Z,0,0,,0,0,0,0,0,0,0,0,0,0,0,1
WPR,FLU_SE_ASIA,Lao People's Democratic Republic,LAO,NONSENTINEL,2022,41,2022-10-10T03:00:00.000Z,0,0,,0,0,0,0,0,0,0,0,0,0,0,1
WPR,FLU_SE_ASIA,Lao People's Democratic Republic,LAO,NONSENTINEL,2022,42,2022-10-17T03:00:00.000Z,0,0,,0,0,0,0,0,0,0,0,0,0,0,1
WPR,FLU_SE_ASIA,Lao People's Democratic Republic,LAO,NONSENTINEL,2022,43,2022-10-24T03:00:00.000Z,0,0,,0,0,0,0,0,0,0,0,0,0,0,1
WPR,FLU_SE_ASIA,Lao People's Democratic Republic,LAO,NONSENTINEL,2022,44,2022-10-31T03:00:00.000Z,0,0,,0,0,0,0,0,0,0,0,0,0,0,1
WPR,FLU_SE_ASIA,Lao People's Democratic Republic,LAO,NONSENTINEL,2022,45,2022-11-07T03:00:00.000Z,0,0,,0,0,0,0,0,0,0,0,0,0,0,1
WPR,FLU_SE_ASIA,Lao People's Democratic Republic,LAO,NONSENTINEL,2022,46,2022-11-14T03:00:00.000Z,0,0,,0,0,0,0,0,0,0,0,0,0,0,1
WPR,FLU_SE_ASIA,Lao People's Democratic Republic,LAO,NONSENTINEL,2022,47,2022-11-21T03:00:00.000Z,0,0,,0,0,0,0,0,0,0,0,0,0,0,1
WPR,FLU_SE_ASIA,Lao People's Democratic Republic,LAO,NONSENTINEL,2022,48,2022-11-28T03:00:00.000Z,0,0,,0,0,0,0,0,0,0,0,0,0,0,1
WPR,FLU_SE_ASIA,Lao People's Democratic Republic,LAO,SENTINEL,2021,39,2021-09-27T03:00:00.000Z,21,21,,0,0,0,0,0,0,0,0,0,0,21,1
WPR,FLU_SE_ASIA,Lao People's Democratic Republic,LAO,SENTINEL,2021,40,2021-10-04T03:00:00.000Z,48,48,,0,0,0,0,0,0,0,0,0,0,48,1
WPR,FLU_SE_ASIA,Lao People's Democratic Republic,LAO,SENTINEL,2021,41,2021-10-11T03:00:00.000Z,39,39,,0,0,0,0,0,0,0,0,0,0,39,1
WPR,FLU_SE_ASIA,Lao People's Democratic Republic,LAO,SENTINEL,2021,42,2021-10-18T03:00:00.000Z,30,30,,0,0,0,0,0,0,0,0,0,0,30,1
WPR,FLU_SE_ASIA,Lao People's Democratic Republic,LAO,SENTINEL,2021,43,2021-10-25T03:00:00.000Z,31,31,,0,0,0,0,0,0,0,0,0,0,31,1
WPR,FLU_SE_ASIA,Lao People's Democratic Republic,LAO,SENTINEL,2021,44,2021-11-01T03:00:00.000Z,36,36,,0,0,0,0,0,0,0,0,0,0,36,1
WPR,FLU_SE_ASIA,Lao People's Democratic Republic,LAO,SENTINEL,2021,45,2021-11-08T03:00:00.000Z,48,48,,0,0,0,0,0,0,0,0,0,0,48,1
WPR,FLU_SE_ASIA,Lao People's Democratic Republic,LAO,SENTINEL,2021,46,2021-11-15T03:00:00.000Z,51,51,,0,0,0,0,0,0,0,0,0,0,51,1
WPR,FLU_SE_ASIA,Lao People's Democratic Republic,LAO,SENTINEL,2021,47,2021-11-22T03:00:00.000Z,25,25,,0,0,0,0,0,0,0,0,0,0,25,1
WPR,FLU_SE_ASIA,Lao People's Democratic Republic,LAO,SENTINEL,2021,48,2021-11-29T03:00:00.000Z,27,27,,0,0,0,0,0,0,0,0,0,0,27,1
WPR,FLU_SE_ASIA,Lao People's Democratic Republic,LAO,SENTINEL,2021,49,2021-12-06T03:00:00.000Z,13,13,,0,0,0,0,0,0,0,0,0,0,13,1
WPR,FLU_SE_ASIA,Lao People's Democratic Republic,LAO,SENTINEL,2021,50,2021-12-13T03:00:00.000Z,25,25,,0,0,0,0,0,0,0,0,0,0,25,1
WPR,FLU_SE_ASIA,Lao People's Democratic Republic,LAO,SENTINEL,2021,51,2021-12-20T03:00:00.000Z,28,28,,0,0,0,0,0,0,0,0,0,0,28,1
WPR,FLU_SE_ASIA,Lao People's Democratic Republic,LAO,SENTINEL,2021,52,2021-12-27T03:00:00.000Z,28,28,,0,0,0,0,0,0,0,0,0,0,28,1
WPR,FLU_SE_ASIA,Lao People's Democratic Republic,LAO,SENTINEL,2022,1,2022-01-03T03:00:00.000Z,46,46,,0,0,0,0,0,0,0,0,0,0,46,1
WPR,FLU_SE_ASIA,Lao People's Democratic Republic,LAO,SENTINEL,2022,2,2022-01-10T03:00:00.000Z,20,20,,0,0,0,0,0,0,0,0,0,0,20,1
WPR,FLU_SE_ASIA,Lao People's Democratic Republic,LAO,SENTINEL,2022,3,2022-01-17T03:00:00.000Z,31,31,,0,0,0,0,0,0,0,0,0,0,31,1
WPR,FLU_SE_ASIA,Lao People's Democratic Republic,LAO,SENTINEL,2022,4,2022-01-24T03:00:00.000Z,34,34,,0,0,0,0,0,0,0,0,0,0,34,1
WPR,FLU_SE_ASIA,Lao People's Democratic Republic,LAO,SENTINEL,2022,5,2022-01-31T03:00:00.000Z,67,67,,0,0,0,0,0,0,0,0,0,0,67,1
WPR,FLU_SE_ASIA,Lao People's Democratic Republic,LAO,SENTINEL,2022,6,2022-02-07T03:00:00.000Z,54,54,,0,0,0,0,0,0,0,0,0,0,54,1
WPR,FLU_SE_ASIA,Lao People's Democratic Republic,LAO,SENTINEL,2022,7,2022-02-14T03:00:00.000Z,62,62,,0,0,0,0,0,0,0,0,0,0,62,1
WPR,FLU_SE_ASIA,Lao People's Democratic Republic,LAO,SENTINEL,2022,8,2022-02-21T03:00:00.000Z,43,43,,0,0,0,0,0,0,0,0,0,0,43,1
WPR,FLU_SE_ASIA,Lao People's Democratic Republic,LAO,SENTINEL,2022,9,2022-02-28T03:00:00.000Z,56,56,,0,0,0,0,0,0,0,0,0,0,56,1
WPR,FLU_SE_ASIA,Lao People's Democratic Republic,LAO,SENTINEL,2022,10,2022-03-07T03:00:00.000Z,77,77,,0,0,0,0,0,0,0,0,0,0,77,1
WPR,FLU_SE_ASIA,Lao People's Democratic Republic,LAO,SENTINEL,2022,11,2022-03-14T03:00:00.000Z,64,64,,0,0,0,0,0,0,0,0,0,0,64,1
WPR,FLU_SE_ASIA,Lao People's Democratic Republic,LAO,SENTINEL,2022,12,2022-03-21T03:00:00.000Z,116,116,,0,0,0,0,0,0,0,0,0,0,116,1
WPR,FLU_SE_ASIA,Lao People's Democratic Republic,LAO,SENTINEL,2022,13,2022-03-28T03:00:00.000Z,143,143,,0,0,0,0,0,0,0,0,0,0,143,1
WPR,FLU_SE_ASIA,Lao People's Democratic Republic,LAO,SENTINEL,2022,14,2022-04-04T03:00:00.000Z,119,119,,0,0,0,0,0,0,0,0,0,0,119,1
WPR,FLU_SE_ASIA,Lao People's Democratic Republic,LAO,SENTINEL,2022,15,2022-04-11T03:00:00.000Z,93,93,,0,0,0,0,0,0,0,0,0,0,93,1
WPR,FLU_SE_ASIA,Lao People's Democratic Republic,LAO,SENTINEL,2022,16,2022-04-18T03:00:00.000Z,40,40,,0,0,0,0,0,0,0,0,0,0,40,1
WPR,FLU_SE_ASIA,Lao People's Democratic Republic,LAO,SENTINEL,2022,17,2022-04-25T03:00:00.000Z,102,102,,0,0,0,0,0,0,0,0,0,0,102,1
WPR,FLU_SE_ASIA,Lao People's Democratic Republic,LAO,SENTINEL,2022,18,2022-05-02T03:00:00.000Z,48,48,,0,0,0,0,0,0,0,0,0,0,48,1
WPR,FLU_SE_ASIA,Lao People's Democratic Republic,LAO,SENTINEL,2022,19,2022-05-09T03:00:00.000Z,51,51,,0,0,0,0,0,0,0,0,0,0,51,1
WPR,FLU_SE_ASIA,Lao People's Democratic Republic,LAO,SENTINEL,2022,20,2022-05-16T03:00:00.000Z,45,45,,0,0,0,0,0,0,0,0,0,0,45,1
WPR,FLU_SE_ASIA,Lao People's Democratic Republic,LAO,SENTINEL,2022,21,2022-05-23T03:00:00.000Z,76,76,,0,0,0,0,0,0,0,0,0,0,76,1
WPR,FLU_SE_ASIA,Lao People's Democratic Republic,LAO,SENTINEL,2022,22,2022-05-30T03:00:00.000Z,53,53,,0,0,0,0,0,0,0,0,0,0,53,1
WPR,FLU_SE_ASIA,Lao People's Democratic Republic,LAO,SENTINEL,2022,23,2022-06-06T03:00:00.000Z,52,52,,0,0,0,0,0,1,0,0,1,1,51,1
WPR,FLU_SE_ASIA,Lao People's Democratic Republic,LAO,SENTINEL,2022,24,2022-06-13T03:00:00.000Z,61,61,,0,0,0,0,0,1,0,0,1,1,60,1
WPR,FLU_SE_ASIA,Lao People's Democratic Republic,LAO,SENTINEL,2022,25,2022-06-20T03:00:00.000Z,48,48,,0,0,0,0,0,1,0,0,1,1,47,1
WPR,FLU_SE_ASIA,Lao People's Democratic Republic,LAO,SENTINEL,2022,26,2022-06-27T03:00:00.000Z,69,69,,0,0,0,0,0,1,0,0,1,1,68,1
WPR,FLU_SE_ASIA,Lao People's Democratic Republic,LAO,SENTINEL,2022,27,2022-07-04T03:00:00.000Z,85,85,,0,0,0,0,0,2,0,0,2,2,83,1
WPR,FLU_SE_ASIA,Lao People's Democratic Republic,LAO,SENTINEL,2022,28,2022-07-11T03:00:00.000Z,96,96,,0,0,0,0,0,1,0,0,1,1,95,1
WPR,FLU_SE_ASIA,Lao People's Democratic Republic,LAO,SENTINEL,2022,29,2022-07-18T03:00:00.000Z,101,101,,0,3,0,0,3,3,0,0,3,6,95,1
WPR,FLU_SE_ASIA,Lao People's Democratic Republic,LAO,SENTINEL,2022,30,2022-07-25T03:00:00.000Z,127,127,,0,2,0,0,2,2,0,0,2,4,123,1
WPR,FLU_SE_ASIA,Lao People's Democratic Republic,LAO,SENTINEL,2022,31,2022-08-01T03:00:00.000Z,160,160,,0,1,0,0,1,3,0,0,3,4,156,1
WPR,FLU_SE_ASIA,Lao People's Democratic Republic,LAO,SENTINEL,2022,32,2022-08-08T03:00:00.000Z,135,135,,1,3,0,0,4,8,0,0,8,12,123,1
WPR,FLU_SE_ASIA,Lao People's Democratic Republic,LAO,SENTINEL,2022,33,2022-08-15T03:00:00.000Z,110,110,,0,2,0,0,2,10,0,0,10,12,98,1
WPR,FLU_SE_ASIA,Lao People's Democratic Republic,LAO,SENTINEL,2022,34,2022-08-22T03:00:00.000Z,172,172,,0,11,0,0,11,30,0,0,30,41,131,1
WPR,FLU_SE_ASIA,Lao People's Democratic Republic,LAO,SENTINEL,2022,35,2022-08-29T03:00:00.000Z,124,124,,0,19,0,0,19,18,0,0,18,37,87,1
WPR,FLU_SE_ASIA,Lao People's Democratic Republic,LAO,SENTINEL,2022,36,2022-09-05T03:00:00.000Z,153,153,,0,37,0,0,37,15,0,0,15,52,101,1
WPR,FLU_SE_ASIA,Lao People's Democratic Republic,LAO,SENTINEL,2022,37,2022-09-12T03:00:00.000Z,156,153,,0,33,0,0,33,16,0,0,16,49,104,1
WPR,FLU_SE_ASIA,Lao People's Democratic Republic,LAO,SENTINEL,2022,38,2022-09-19T03:00:00.000Z,172,172,,0,34,0,0,34,12,0,0,12,46,126,1
WPR,FLU_SE_ASIA,Lao People's Democratic Republic,LAO,SENTINEL,2022,39,2022-09-26T03:00:00.000Z,144,144,,0,34,0,0,34,15,0,0,15,49,95,1
WPR,FLU_SE_ASIA,Lao People's Democratic Republic,LAO,SENTINEL,2022,40,2022-10-03T03:00:00.000Z,173,173,,0,45,0,0,45,25,0,0,25,70,103,1
WPR,FLU_SE_ASIA,Lao People's Democratic Republic,LAO,SENTINEL,2022,41,2022-10-10T03:00:00.000Z,149,149,,0,26,0,0,26,23,0,0,23,49,100,1
WPR,FLU_SE_ASIA,Lao People's Democratic Republic,LAO,SENTINEL,2022,42,2022-10-17T03:00:00.000Z,133,133,,0,33,0,0,33,12,0,0,12,45,88,1
WPR,FLU_SE_ASIA,Lao People's Democratic Republic,LAO,SENTINEL,2022,43,2022-10-24T03:00:00.000Z,161,161,,0,20,0,0,20,11,0,0,11,31,130,1
WPR,FLU_SE_ASIA,Lao People's Democratic Republic,LAO,SENTINEL,2022,44,2022-10-31T03:00:00.000Z,130,130,,0,10,0,0,10,18,0,0,18,28,102,1
WPR,FLU_SE_ASIA,Lao People's Democratic Republic,LAO,SENTINEL,2022,45,2022-11-07T03:00:00.000Z,114,114,,0,8,0,0,8,9,0,0,9,17,97,1
WPR,FLU_SE_ASIA,Lao People's Democratic Republic,LAO,SENTINEL,2022,46,2022-11-14T03:00:00.000Z,140,140,,0,6,0,0,6,12,0,0,12,18,122,1
WPR,FLU_SE_ASIA,Lao People's Democratic Republic,LAO,SENTINEL,2022,47,2022-11-21T03:00:00.000Z,121,121,,0,1,0,0,1,23,0,0,23,24,97,1
WPR,FLU_SE_ASIA,Lao People's Democratic Republic,LAO,SENTINEL,2022,48,2022-11-28T03:00:00.000Z,103,103,,0,3,0,0,3,9,0,0,9,12,91,1
WPR,FLU_SE_ASIA,Lao People's Democratic Republic,LAO,SENTINEL,2022,49,2022-12-05T03:00:00.000Z,122,122,,0,0,0,0,0,8,0,0,8,8,114,1
WPR,FLU_SE_ASIA,Malaysia,MYS,NOTDEFINED,2021,39,2021-09-27T03:00:00.000Z,47,47,,0,0,,0,0,,,0,0,0,,2
WPR,FLU_SE_ASIA,Malaysia,MYS,NOTDEFINED,2021,40,2021-10-04T03:00:00.000Z,58,58,,0,0,,0,0,,,1,1,1,,2
WPR,FLU_SE_ASIA,Malaysia,MYS,NOTDEFINED,2021,41,2021-10-11T03:00:00.000Z,61,60,,0,1,,0,1,,,0,0,1,,2
WPR,FLU_SE_ASIA,Malaysia,MYS,NOTDEFINED,2021,42,2021-10-18T03:00:00.000Z,46,46,,0,0,,0,0,,,0,0,0,,2
WPR,FLU_SE_ASIA,Malaysia,MYS,NOTDEFINED,2021,43,2021-10-25T03:00:00.000Z,55,55,,0,1,,0,1,,,1,1,2,,2
WPR,FLU_SE_ASIA,Malaysia,MYS,NOTDEFINED,2021,44,2021-11-01T03:00:00.000Z,111,111,,0,0,,0,0,,,0,0,0,,2
WPR,FLU_SE_ASIA,Malaysia,MYS,NOTDEFINED,2021,45,2021-11-08T03:00:00.000Z,207,207,,0,1,,1,2,,,2,2,4,,3
WPR,FLU_SE_ASIA,Malaysia,MYS,NOTDEFINED,2021,46,2021-11-15T03:00:00.000Z,319,256,,0,13,,0,13,,,1,1,14,,3
WPR,FLU_SE_ASIA,Malaysia,MYS,NOTDEFINED,2021,47,2021-11-22T03:00:00.000Z,377,363,,0,37,,0,37,,,2,2,39,,3
WPR,FLU_SE_ASIA,Malaysia,MYS,NOTDEFINED,2021,48,2021-11-29T03:00:00.000Z,483,437,,0,31,,2,33,,,4,4,37,,3
WPR,FLU_SE_ASIA,Malaysia,MYS,NOTDEFINED,2021,49,2021-12-06T03:00:00.000Z,574,500,,0,58,,2,60,,,4,4,64,,3
WPR,FLU_SE_ASIA,Malaysia,MYS,NOTDEFINED,2021,50,2021-12-13T03:00:00.000Z,583,479,,1,27,,3,31,,,0,0,31,,3
WPR,FLU_SE_ASIA,Malaysia,MYS,NOTDEFINED,2021,51,2021-12-20T03:00:00.000Z,615,598,,0,40,,6,46,,,0,0,46,,2
WPR,FLU_SE_ASIA,Malaysia,MYS,NOTDEFINED,2021,52,2021-12-27T03:00:00.000Z,556,549,,0,35,,9,44,,,2,2,46,,2
WPR,FLU_SE_ASIA,Malaysia,MYS,NOTDEFINED,2022,1,2022-01-03T03:00:00.000Z,614,614,,0,58,,18,76,,,3,3,79,432,3
WPR,FLU_SE_ASIA,Malaysia,MYS,NOTDEFINED,2022,2,2022-01-10T03:00:00.000Z,648,645,,0,45,,8,53,,,7,7,60,471,3
WPR,FLU_SE_ASIA,Malaysia,MYS,NOTDEFINED,2022,3,2022-01-17T03:00:00.000Z,598,597,,0,58,,10,68,,,8,8,76,424,3
WPR,FLU_SE_ASIA,Malaysia,MYS,NOTDEFINED,2022,4,2022-01-24T03:00:00.000Z,604,604,,0,37,,4,41,,,2,2,43,436,3
WPR,FLU_SE_ASIA,Malaysia,MYS,NOTDEFINED,2022,5,2022-01-31T03:00:00.000Z,486,476,,0,13,,1,14,,,1,1,15,281,3
WPR,FLU_SE_ASIA,Malaysia,MYS,NOTDEFINED,2022,6,2022-02-07T03:00:00.000Z,619,619,,0,12,,0,12,,,0,0,12,374,2
WPR,FLU_SE_ASIA,Malaysia,MYS,NOTDEFINED,2022,7,2022-02-14T03:00:00.000Z,659,655,,0,37,,1,38,,,1,1,39,269,2
WPR,FLU_SE_ASIA,Malaysia,MYS,NOTDEFINED,2022,8,2022-02-21T03:00:00.000Z,623,621,,0,10,,1,11,,,0,0,11,285,2
WPR,FLU_SE_ASIA,Malaysia,MYS,NOTDEFINED,2022,9,2022-02-28T03:00:00.000Z,592,589,,0,8,,0,8,,,0,0,8,220,2
WPR,FLU_SE_ASIA,Malaysia,MYS,NOTDEFINED,2022,10,2022-03-07T03:00:00.000Z,609,602,,0,8,,3,11,,,0,0,11,254,2
WPR,FLU_SE_ASIA,Malaysia,MYS,NOTDEFINED,2022,11,2022-03-14T03:00:00.000Z,618,617,,0,6,,1,7,,,2,2,9,291,2
WPR,FLU_SE_ASIA,Malaysia,MYS,NOTDEFINED,2022,12,2022-03-21T03:00:00.000Z,621,620,,0,11,,2,13,,,0,0,13,290,2
WPR,FLU_SE_ASIA,Malaysia,MYS,NOTDEFINED,2022,13,2022-03-28T03:00:00.000Z,561,559,,0,4,,0,4,,,3,3,7,304,2
WPR,FLU_SE_ASIA,Malaysia,MYS,NOTDEFINED,2022,14,2022-04-04T03:00:00.000Z,648,647,,0,11,,1,12,,,0,0,12,398,2
WPR,FLU_SE_ASIA,Malaysia,MYS,NOTDEFINED,2022,15,2022-04-11T03:00:00.000Z,672,670,,0,10,,0,10,,,3,3,13,493,3
WPR,FLU_SE_ASIA,Malaysia,MYS,NOTDEFINED,2022,16,2022-04-18T03:00:00.000Z,629,619,,0,17,,1,18,,,0,0,18,461,2
WPR,FLU_SE_ASIA,Malaysia,MYS,NOTDEFINED,2022,17,2022-04-25T03:00:00.000Z,615,610,,0,10,,3,13,,,2,2,15,486,2
WPR,FLU_SE_ASIA,Malaysia,MYS,NOTDEFINED,2022,18,2022-05-02T03:00:00.000Z,216,215,,0,3,,1,4,,,1,1,5,175,2
WPR,FLU_SE_ASIA,Malaysia,MYS,NOTDEFINED,2022,19,2022-05-09T03:00:00.000Z,616,616,,0,24,,0,24,,,0,0,24,535,2
WPR,FLU_SE_ASIA,Malaysia,MYS,NOTDEFINED,2022,20,2022-05-16T03:00:00.000Z,621,621,,0,32,,0,32,,,3,3,35,490,3
WPR,FLU_SE_ASIA,Malaysia,MYS,NOTDEFINED,2022,21,2022-05-23T03:00:00.000Z,651,650,,0,34,,3,37,,,3,3,40,508,3
WPR,FLU_SE_ASIA,Malaysia,MYS,NOTDEFINED,2022,22,2022-05-30T03:00:00.000Z,549,548,,0,61,,0,61,,,5,5,66,395,3
WPR,FLU_SE_ASIA,Malaysia,MYS,NOTDEFINED,2022,23,2022-06-06T03:00:00.000Z,589,587,,0,58,,1,59,,,3,3,62,334,3
WPR,FLU_SE_ASIA,Malaysia,MYS,NOTDEFINED,2022,24,2022-06-13T03:00:00.000Z,682,682,,0,112,,0,112,,,8,8,120,0,3
WPR,FLU_SE_ASIA,Malaysia,MYS,NOTDEFINED,2022,25,2022-06-20T03:00:00.000Z,650,638,,0,207,,0,207,,,3,3,210,,3
WPR,FLU_SE_ASIA,Malaysia,MYS,NOTDEFINED,2022,26,2022-06-27T03:00:00.000Z,648,632,,0,204,,1,205,,,3,3,208,,3
WPR,FLU_SE_ASIA,Malaysia,MYS,NOTDEFINED,2022,27,2022-07-04T03:00:00.000Z,701,695,,0,245,,0,245,,,1,1,246,,3
WPR,FLU_SE_ASIA,Malaysia,MYS,NOTDEFINED,2022,28,2022-07-11T03:00:00.000Z,675,675,,0,223,,3,226,,,2,2,228,,3
WPR,FLU_SE_ASIA,Malaysia,MYS,NOTDEFINED,2022,29,2022-07-18T03:00:00.000Z,796,788,,0,289,,2,291,,,3,3,294,,3
WPR,FLU_SE_ASIA,Malaysia,MYS,NOTDEFINED,2022,30,2022-07-25T03:00:00.000Z,787,786,,0,267,,1,268,,,4,4,272,,3
WPR,FLU_SE_ASIA,Malaysia,MYS,NOTDEFINED,2022,31,2022-08-01T03:00:00.000Z,827,826,,1,213,,5,219,,,8,8,227,,3
WPR,FLU_SE_ASIA,Malaysia,MYS,NOTDEFINED,2022,32,2022-08-08T03:00:00.000Z,848,843,,1,205,,3,209,,,7,7,216,,3
WPR,FLU_SE_ASIA,Malaysia,MYS,NOTDEFINED,2022,33,2022-08-15T03:00:00.000Z,786,786,,0,194,,3,197,,,5,5,202,,3
WPR,FLU_SE_ASIA,Malaysia,MYS,NOTDEFINED,2022,34,2022-08-22T03:00:00.000Z,843,821,,0,141,,4,145,,,3,3,148,,3
WPR,FLU_SE_ASIA,Malaysia,MYS,NOTDEFINED,2022,35,2022-08-29T03:00:00.000Z,758,727,,0,106,,7,113,,,7,7,120,,3
WPR,FLU_SE_ASIA,Malaysia,MYS,NOTDEFINED,2022,36,2022-09-05T03:00:00.000Z,818,806,,1,103,,5,109,,,6,6,115,,3
WPR,FLU_SE_ASIA,Malaysia,MYS,NOTDEFINED,2022,37,2022-09-12T03:00:00.000Z,783,782,,2,73,,1,76,,,7,7,83,,2
WPR,FLU_SE_ASIA,Malaysia,MYS,NOTDEFINED,2022,38,2022-09-19T03:00:00.000Z,793,792,,3,63,,1,67,,,16,16,83,,3
WPR,FLU_SE_ASIA,Malaysia,MYS,NOTDEFINED,2022,39,2022-09-26T03:00:00.000Z,810,807,,5,49,,1,55,,,15,15,70,,3
WPR,FLU_SE_ASIA,Malaysia,MYS,NOTDEFINED,2022,40,2022-10-03T03:00:00.000Z,790,790,,4,26,,2,32,,,26,26,58,,3
WPR,FLU_SE_ASIA,Malaysia,MYS,NOTDEFINED,2022,41,2022-10-10T03:00:00.000Z,760,760,,6,11,,5,22,,,21,21,43,,3
WPR,FLU_SE_ASIA,Malaysia,MYS,NOTDEFINED,2022,42,2022-10-17T03:00:00.000Z,798,797,,4,23,,0,27,,,23,23,50,,2
WPR,FLU_SE_ASIA,Malaysia,MYS,NOTDEFINED,2022,43,2022-10-24T03:00:00.000Z,775,773,,7,15,,0,22,,,37,37,59,,2
WPR,FLU_SE_ASIA,Malaysia,MYS,NOTDEFINED,2022,44,2022-10-31T03:00:00.000Z,837,831,,5,16,,0,21,,,50,50,71,,3
WPR,FLU_SE_ASIA,Malaysia,MYS,NOTDEFINED,2022,45,2022-11-07T03:00:00.000Z,871,865,,2,25,,0,27,,,77,77,104,,3
WPR,FLU_SE_ASIA,Malaysia,MYS,NOTDEFINED,2022,46,2022-11-14T03:00:00.000Z,844,832,,2,19,,0,21,,,116,116,137,,3
WPR,FLU_SE_ASIA,Malaysia,MYS,NOTDEFINED,2022,47,2022-11-21T03:00:00.000Z,847,843,,1,12,,0,13,,,111,111,124,,3
WPR,FLU_SE_ASIA,Malaysia,MYS,NOTDEFINED,2022,48,2022-11-28T03:00:00.000Z,791,790,,1,6,,0,7,,,120,120,127,,2
WPR,FLU_EST_ASIA,Mongolia,MNG,NOTDEFINED,2021,39,2021-09-27T03:00:00.000Z,20,20,0,0,0,0,0,0,0,0,0,0,0,,1
WPR,FLU_EST_ASIA,Mongolia,MNG,NOTDEFINED,2021,40,2021-10-04T03:00:00.000Z,27,27,0,0,0,0,0,0,0,0,0,0,0,,1
WPR,FLU_EST_ASIA,Mongolia,MNG,NOTDEFINED,2021,41,2021-10-11T03:00:00.000Z,45,45,0,0,0,0,0,0,0,0,0,0,0,,1
WPR,FLU_EST_ASIA,Mongolia,MNG,NOTDEFINED,2021,42,2021-10-18T03:00:00.000Z,3,3,0,0,0,0,0,0,0,0,0,0,0,,1
WPR,FLU_EST_ASIA,Mongolia,MNG,NOTDEFINED,2021,43,2021-10-25T03:00:00.000Z,26,26,0,0,0,0,0,0,0,0,0,0,0,,1
WPR,FLU_EST_ASIA,Mongolia,MNG,NOTDEFINED,2021,44,2021-11-01T03:00:00.000Z,17,17,0,0,0,0,0,0,0,0,0,0,0,,1
WPR,FLU_EST_ASIA,Mongolia,MNG,NOTDEFINED,2021,45,2021-11-08T03:00:00.000Z,14,14,0,0,0,0,0,0,0,0,0,0,0,,1
WPR,FLU_EST_ASIA,Mongolia,MNG,NOTDEFINED,2021,46,2021-11-15T03:00:00.000Z,53,53,0,0,0,0,0,0,0,0,0,0,0,,1
WPR,FLU_EST_ASIA,Mongolia,MNG,NOTDEFINED,2021,47,2021-11-22T03:00:00.000Z,62,62,0,0,0,0,0,0,0,0,0,0,0,,1
WPR,FLU_EST_ASIA,Mongolia,MNG,NOTDEFINED,2021,48,2021-11-29T03:00:00.000Z,120,120,0,0,0,0,0,0,0,0,0,0,0,,1
WPR,FLU_EST_ASIA,Mongolia,MNG,NOTDEFINED,2021,49,2021-12-06T03:00:00.000Z,90,90,0,0,0,0,0,0,0,0,0,0,0,,1
WPR,FLU_EST_ASIA,Mongolia,MNG,NOTDEFINED,2021,50,2021-12-13T03:00:00.000Z,22,22,0,0,0,0,0,0,0,0,0,0,0,,1
WPR,FLU_EST_ASIA,Mongolia,MNG,NOTDEFINED,2021,51,2021-12-20T03:00:00.000Z,56,56,0,0,2,0,0,2,0,0,0,0,2,,1
WPR,FLU_EST_ASIA,Mongolia,MNG,NOTDEFINED,2021,52,2021-12-27T03:00:00.000Z,16,16,0,0,0,0,0,0,0,0,0,0,0,,1
WPR,FLU_EST_ASIA,Mongolia,MNG,NOTDEFINED,2022,1,2022-01-03T03:00:00.000Z,85,85,0,0,1,0,0,1,0,0,0,0,1,,1
WPR,FLU_EST_ASIA,Mongolia,MNG,NOTDEFINED,2022,2,2022-01-10T03:00:00.000Z,149,149,0,0,1,0,0,1,0,0,0,0,1,,1
WPR,FLU_EST_ASIA,Mongolia,MNG,NOTDEFINED,2022,3,2022-01-17T03:00:00.000Z,240,240,0,0,0,0,0,0,0,0,0,0,0,,1
WPR,FLU_EST_ASIA,Mongolia,MNG,NOTDEFINED,2022,4,2022-01-24T03:00:00.000Z,101,101,0,0,0,0,0,0,0,0,0,0,0,,1
WPR,FLU_EST_ASIA,Mongolia,MNG,NOTDEFINED,2022,5,2022-01-31T03:00:00.000Z,,,,,,,,,,,,,,,1
WPR,FLU_EST_ASIA,Mongolia,MNG,NOTDEFINED,2022,6,2022-02-07T03:00:00.000Z,132,132,0,0,1,0,0,1,0,0,0,0,1,,1
WPR,FLU_EST_ASIA,Mongolia,MNG,NOTDEFINED,2022,7,2022-02-14T03:00:00.000Z,156,156,0,0,2,0,0,2,0,0,0,0,2,,1
WPR,FLU_EST_ASIA,Mongolia,MNG,NOTDEFINED,2022,8,2022-02-21T03:00:00.000Z,46,46,0,0,0,0,0,0,0,0,0,0,0,,1
WPR,FLU_EST_ASIA,Mongolia,MNG,NOTDEFINED,2022,9,2022-02-28T03:00:00.000Z,170,170,0,0,0,0,0,0,0,0,0,0,0,,1
WPR,FLU_EST_ASIA,Mongolia,MNG,NOTDEFINED,2022,10,2022-03-07T03:00:00.000Z,114,114,0,0,3,0,0,3,0,0,0,0,3,,1
WPR,FLU_EST_ASIA,Mongolia,MNG,NOTDEFINED,2022,11,2022-03-14T03:00:00.000Z,276,276,0,0,18,0,0,18,0,0,0,0,18,,1
WPR,FLU_EST_ASIA,Mongolia,MNG,NOTDEFINED,2022,12,2022-03-21T03:00:00.000Z,340,340,0,0,13,0,6,19,0,0,2,2,21,,1
WPR,FLU_EST_ASIA,Mongolia,MNG,NOTDEFINED,2022,13,2022-03-28T03:00:00.000Z,177,177,0,0,7,0,6,13,0,0,0,0,13,,1
WPR,FLU_EST_ASIA,Mongolia,MNG,NOTDEFINED,2022,14,2022-04-04T03:00:00.000Z,208,208,0,0,37,0,20,57,0,0,1,1,58,,1
WPR,FLU_EST_ASIA,Mongolia,MNG,NOTDEFINED,2022,15,2022-04-11T03:00:00.000Z,117,117,0,0,14,0,3,17,0,0,0,0,17,,1
WPR,FLU_EST_ASIA,Mongolia,MNG,NOTDEFINED,2022,16,2022-04-18T03:00:00.000Z,124,124,0,0,25,0,11,36,0,0,0,0,36,,1
WPR,FLU_EST_ASIA,Mongolia,MNG,NOTDEFINED,2022,17,2022-04-25T03:00:00.000Z,174,174,0,0,25,0,17,42,0,0,0,0,42,,1
WPR,FLU_EST_ASIA,Mongolia,MNG,NOTDEFINED,2022,18,2022-05-02T03:00:00.000Z,151,151,0,0,16,0,14,30,0,0,0,0,30,,1
WPR,FLU_EST_ASIA,Mongolia,MNG,NOTDEFINED,2022,19,2022-05-09T03:00:00.000Z,75,75,0,0,10,0,0,10,0,0,0,0,10,,1
WPR,FLU_EST_ASIA,Mongolia,MNG,NOTDEFINED,2022,20,2022-05-16T03:00:00.000Z,165,165,0,0,8,0,8,16,0,0,0,0,16,,1
WPR,FLU_EST_ASIA,Mongolia,MNG,NOTDEFINED,2022,21,2022-05-23T03:00:00.000Z,201,201,0,0,0,0,0,0,0,0,0,0,0,,1
WPR,FLU_EST_ASIA,Mongolia,MNG,NOTDEFINED,2022,22,2022-05-30T03:00:00.000Z,118,118,0,0,1,0,1,2,0,0,0,0,2,,1
WPR,FLU_EST_ASIA,Mongolia,MNG,NOTDEFINED,2022,23,2022-06-06T03:00:00.000Z,47,47,0,0,1,0,0,1,0,0,0,0,1,,1
WPR,FLU_EST_ASIA,Mongolia,MNG,NOTDEFINED,2022,24,2022-06-13T03:00:00.000Z,25,25,0,0,0,0,0,0,0,0,0,0,0,,1
WPR,FLU_EST_ASIA,Mongolia,MNG,NOTDEFINED,2022,25,2022-06-20T03:00:00.000Z,47,47,0,0,0,0,0,0,0,0,0,0,0,,1
WPR,FLU_EST_ASIA,Mongolia,MNG,NOTDEFINED,2022,26,2022-06-27T03:00:00.000Z,31,31,0,0,0,0,0,0,0,0,0,0,0,,1
WPR,FLU_EST_ASIA,Mongolia,MNG,NOTDEFINED,2022,27,2022-07-04T03:00:00.000Z,50,50,0,0,0,0,0,0,0,0,0,0,0,,1
WPR,FLU_EST_ASIA,Mongolia,MNG,NOTDEFINED,2022,28,2022-07-11T03:00:00.000Z,23,23,1,0,0,0,0,1,0,0,0,0,1,,1
WPR,FLU_EST_ASIA,Mongolia,MNG,NOTDEFINED,2022,29,2022-07-18T03:00:00.000Z,98,98,0,0,0,0,0,0,0,0,0,0,0,,1
WPR,FLU_EST_ASIA,Mongolia,MNG,NOTDEFINED,2022,30,2022-07-25T03:00:00.000Z,52,52,0,0,0,0,0,0,0,0,0,0,0,,1
WPR,FLU_EST_ASIA,Mongolia,MNG,NOTDEFINED,2022,31,2022-08-01T03:00:00.000Z,35,35,0,0,0,0,0,0,0,0,0,0,0,,1
WPR,FLU_EST_ASIA,Mongolia,MNG,NOTDEFINED,2022,32,2022-08-08T03:00:00.000Z,64,64,0,0,0,0,0,0,0,0,0,0,0,,1
WPR,FLU_EST_ASIA,Mongolia,MNG,NOTDEFINED,2022,33,2022-08-15T03:00:00.000Z,51,51,0,0,0,0,0,0,0,0,0,0,0,,1
WPR,FLU_EST_ASIA,Mongolia,MNG,NOTDEFINED,2022,34,2022-08-22T03:00:00.000Z,29,29,0,0,0,0,0,0,0,0,0,0,0,,1
WPR,FLU_EST_ASIA,Mongolia,MNG,NOTDEFINED,2022,35,2022-08-29T03:00:00.000Z,50,50,0,0,0,0,0,0,0,0,0,0,0,,1
WPR,FLU_EST_ASIA,Mongolia,MNG,NOTDEFINED,2022,36,2022-09-05T03:00:00.000Z,58,58,0,0,0,0,0,0,0,0,0,0,0,,1
WPR,FLU_EST_ASIA,Mongolia,MNG,NOTDEFINED,2022,37,2022-09-12T03:00:00.000Z,80,80,0,0,0,0,0,0,0,0,0,0,0,,1
WPR,FLU_EST_ASIA,Mongolia,MNG,NOTDEFINED,2022,38,2022-09-19T03:00:00.000Z,62,62,0,0,0,0,0,0,0,0,0,0,0,,1
WPR,FLU_EST_ASIA,Mongolia,MNG,NOTDEFINED,2022,39,2022-09-26T03:00:00.000Z,79,79,0,0,0,0,0,0,0,0,0,0,0,,1
WPR,FLU_EST_ASIA,Mongolia,MNG,NOTDEFINED,2022,40,2022-10-03T03:00:00.000Z,78,78,0,0,0,0,0,0,0,0,0,0,0,,1
WPR,FLU_EST_ASIA,Mongolia,MNG,NOTDEFINED,2022,41,2022-10-10T03:00:00.000Z,60,60,0,0,0,0,0,0,0,0,0,0,0,,1
WPR,FLU_EST_ASIA,Mongolia,MNG,NOTDEFINED,2022,42,2022-10-17T03:00:00.000Z,74,74,0,0,0,0,0,0,0,0,0,0,0,,1
WPR,FLU_EST_ASIA,Mongolia,MNG,NOTDEFINED,2022,43,2022-10-24T03:00:00.000Z,160,160,0,0,0,0,0,0,0,0,0,0,0,,1
WPR,FLU_EST_ASIA,Mongolia,MNG,NOTDEFINED,2022,44,2022-10-31T03:00:00.000Z,126,126,0,0,0,0,0,0,0,0,0,0,0,,1
WPR,FLU_EST_ASIA,Mongolia,MNG,NOTDEFINED,2022,45,2022-11-07T03:00:00.000Z,228,228,0,0,0,0,0,0,0,0,0,0,0,,1
WPR,FLU_EST_ASIA,Mongolia,MNG,NOTDEFINED,2022,46,2022-11-14T03:00:00.000Z,179,179,0,0,0,0,0,0,0,0,0,0,0,,1
WPR,FLU_SE_ASIA,Philippines,PHL,NOTDEFINED,2021,39,2021-09-27T03:00:00.000Z,21,21,0,0,0,0,0,0,0,0,0,0,0,21,3
WPR,FLU_SE_ASIA,Philippines,PHL,NOTDEFINED,2021,40,2021-10-04T03:00:00.000Z,7,7,0,0,0,0,0,0,0,0,0,0,0,7,3
WPR,FLU_SE_ASIA,Philippines,PHL,NOTDEFINED,2021,41,2021-10-11T03:00:00.000Z,7,7,0,0,0,0,0,0,0,0,0,0,0,7,3
WPR,FLU_SE_ASIA,Philippines,PHL,NOTDEFINED,2021,42,2021-10-18T03:00:00.000Z,6,6,0,0,0,0,0,0,0,0,0,0,0,6,3
WPR,FLU_SE_ASIA,Philippines,PHL,NOTDEFINED,2021,43,2021-10-25T03:00:00.000Z,14,14,0,0,0,0,0,0,0,0,0,0,0,14,3
WPR,FLU_SE_ASIA,Philippines,PHL,NOTDEFINED,2021,44,2021-11-01T03:00:00.000Z,14,14,0,0,5,0,0,5,0,0,0,0,5,9,3
WPR,FLU_SE_ASIA,Philippines,PHL,NOTDEFINED,2021,45,2021-11-08T03:00:00.000Z,10,10,0,0,1,0,0,1,0,0,0,0,1,9,3
WPR,FLU_SE_ASIA,Philippines,PHL,NOTDEFINED,2021,46,2021-11-15T03:00:00.000Z,15,15,0,0,1,0,1,2,0,0,0,0,2,13,3
WPR,FLU_SE_ASIA,Philippines,PHL,NOTDEFINED,2021,47,2021-11-22T03:00:00.000Z,13,13,0,0,2,0,0,2,0,0,0,0,2,11,3
WPR,FLU_SE_ASIA,Philippines,PHL,NOTDEFINED,2021,48,2021-11-29T03:00:00.000Z,18,18,0,0,2,0,0,2,0,0,0,0,2,16,3
WPR,FLU_SE_ASIA,Philippines,PHL,NOTDEFINED,2021,49,2021-12-06T03:00:00.000Z,19,19,0,0,1,0,0,1,0,0,0,0,1,17,3
WPR,FLU_SE_ASIA,Philippines,PHL,NOTDEFINED,2021,50,2021-12-13T03:00:00.000Z,23,23,0,0,2,0,0,2,3,0,2,5,7,16,3
WPR,FLU_SE_ASIA,Philippines,PHL,NOTDEFINED,2021,51,2021-12-20T03:00:00.000Z,20,20,0,0,1,0,0,1,0,0,1,1,2,18,3
WPR,FLU_SE_ASIA,Philippines,PHL,NOTDEFINED,2021,52,2021-12-27T03:00:00.000Z,34,34,0,0,0,0,6,6,0,0,0,0,6,28,3
WPR,FLU_SE_ASIA,Philippines,PHL,NOTDEFINED,2022,1,2022-01-03T03:00:00.000Z,37,37,0,0,0,0,2,2,0,0,0,0,2,35,3
WPR,FLU_SE_ASIA,Philippines,PHL,NOTDEFINED,2022,2,2022-01-10T03:00:00.000Z,47,47,0,0,0,0,1,1,0,0,0,0,1,46,3
WPR,FLU_SE_ASIA,Philippines,PHL,NOTDEFINED,2022,3,2022-01-17T03:00:00.000Z,28,28,0,0,0,0,5,5,0,0,0,0,5,23,3
WPR,FLU_SE_ASIA,Philippines,PHL,NOTDEFINED,2022,4,2022-01-24T03:00:00.000Z,31,31,0,0,0,0,4,4,0,0,0,0,4,27,3
WPR,FLU_SE_ASIA,Philippines,PHL,NOTDEFINED,2022,5,2022-01-31T03:00:00.000Z,23,23,0,0,0,0,3,3,0,0,0,0,3,20,3
WPR,FLU_SE_ASIA,Philippines,PHL,NOTDEFINED,2022,6,2022-02-07T03:00:00.000Z,29,29,0,0,0,0,1,1,0,0,0,0,1,28,3
WPR,FLU_SE_ASIA,Philippines,PHL,NOTDEFINED,2022,7,2022-02-14T03:00:00.000Z,32,32,0,0,0,0,0,0,0,0,0,0,0,32,3
WPR,FLU_SE_ASIA,Philippines,PHL,NOTDEFINED,2022,8,2022-02-21T03:00:00.000Z,23,23,0,0,0,0,0,0,0,0,0,0,0,23,3
WPR,FLU_SE_ASIA,Philippines,PHL,NOTDEFINED,2022,9,2022-02-28T03:00:00.000Z,17,17,0,0,0,0,0,0,0,0,0,0,0,17,3
WPR,FLU_SE_ASIA,Philippines,PHL,NOTDEFINED,2022,10,2022-03-07T03:00:00.000Z,21,21,0,0,0,0,0,0,0,0,0,0,0,21,3
WPR,FLU_SE_ASIA,Philippines,PHL,NOTDEFINED,2022,11,2022-03-14T03:00:00.000Z,35,35,0,0,0,0,0,0,0,0,0,0,0,35,3
WPR,FLU_SE_ASIA,Philippines,PHL,NOTDEFINED,2022,12,2022-03-21T03:00:00.000Z,24,24,0,0,0,0,0,0,0,0,0,0,0,24,3
WPR,FLU_SE_ASIA,Philippines,PHL,NOTDEFINED,2022,13,2022-03-28T03:00:00.000Z,30,30,0,0,0,0,0,0,0,0,0,0,0,30,3
WPR,FLU_SE_ASIA,Philippines,PHL,NOTDEFINED,2022,14,2022-04-04T03:00:00.000Z,34,34,0,0,0,0,0,0,0,0,0,0,0,34,3
WPR,FLU_SE_ASIA,Philippines,PHL,NOTDEFINED,2022,15,2022-04-11T03:00:00.000Z,47,47,0,0,0,0,0,0,0,0,0,0,0,47,3
WPR,FLU_SE_ASIA,Philippines,PHL,NOTDEFINED,2022,16,2022-04-18T03:00:00.000Z,41,41,0,0,0,0,0,0,0,0,0,0,0,41,3
WPR,FLU_SE_ASIA,Philippines,PHL,NOTDEFINED,2022,17,2022-04-25T03:00:00.000Z,44,44,0,0,0,0,0,0,0,0,0,0,0,44,3
WPR,FLU_SE_ASIA,Philippines,PHL,NOTDEFINED,2022,18,2022-05-02T03:00:00.000Z,38,38,0,0,0,0,0,0,0,0,0,0,0,38,3
WPR,FLU_SE_ASIA,Philippines,PHL,NOTDEFINED,2022,19,2022-05-09T03:00:00.000Z,54,54,0,0,0,0,0,0,0,0,0,0,0,54,3
WPR,FLU_SE_ASIA,Philippines,PHL,NOTDEFINED,2022,20,2022-05-16T03:00:00.000Z,45,45,0,0,0,0,0,0,0,0,0,0,0,45,3
WPR,FLU_SE_ASIA,Philippines,PHL,NOTDEFINED,2022,21,2022-05-23T03:00:00.000Z,41,41,0,0,1,0,0,1,0,0,0,0,1,40,3
WPR,FLU_SE_ASIA,Philippines,PHL,NOTDEFINED,2022,22,2022-05-30T03:00:00.000Z,44,44,0,0,0,0,0,0,0,0,0,0,0,42,3
WPR,FLU_SE_ASIA,Philippines,PHL,NOTDEFINED,2022,23,2022-06-06T03:00:00.000Z,43,43,0,0,0,0,0,0,0,0,0,0,0,43,3
WPR,FLU_SE_ASIA,Philippines,PHL,NOTDEFINED,2022,24,2022-06-13T03:00:00.000Z,53,53,0,0,0,0,0,0,0,0,0,0,0,52,3
WPR,FLU_SE_ASIA,Philippines,PHL,NOTDEFINED,2022,25,2022-06-20T03:00:00.000Z,105,105,0,0,4,0,1,5,0,0,0,0,5,79,3
WPR,FLU_SE_ASIA,Philippines,PHL,NOTDEFINED,2022,26,2022-06-27T03:00:00.000Z,93,93,0,0,2,0,0,2,0,0,0,0,2,60,3
WPR,FLU_SE_ASIA,Philippines,PHL,NOTDEFINED,2022,27,2022-07-04T03:00:00.000Z,88,88,0,0,1,0,0,1,0,0,0,0,1,54,3
WPR,FLU_SE_ASIA,Philippines,PHL,NOTDEFINED,2022,28,2022-07-11T03:00:00.000Z,73,73,0,0,0,0,0,0,0,0,0,0,0,37,3
WPR,FLU_SE_ASIA,Philippines,PHL,NOTDEFINED,2022,29,2022-07-18T03:00:00.000Z,96,96,0,0,4,0,0,4,0,0,0,0,4,34,3
WPR,FLU_SE_ASIA,Philippines,PHL,NOTDEFINED,2022,30,2022-07-25T03:00:00.000Z,106,106,0,0,3,0,0,3,0,0,0,0,3,67,3
WPR,FLU_SE_ASIA,Philippines,PHL,NOTDEFINED,2022,31,2022-08-01T03:00:00.000Z,128,128,0,1,9,0,0,10,0,0,0,0,10,81,3
WPR,FLU_SE_ASIA,Philippines,PHL,NOTDEFINED,2022,32,2022-08-08T03:00:00.000Z,141,141,0,0,14,0,1,15,1,0,0,1,16,60,3
WPR,FLU_SE_ASIA,Philippines,PHL,NOTDEFINED,2022,33,2022-08-15T03:00:00.000Z,119,119,0,1,10,0,0,11,0,0,0,0,11,69,3
WPR,FLU_SE_ASIA,Philippines,PHL,NOTDEFINED,2022,34,2022-08-22T03:00:00.000Z,135,135,0,0,10,0,0,10,1,0,0,1,11,80,3
WPR,FLU_SE_ASIA,Philippines,PHL,NOTDEFINED,2022,35,2022-08-29T03:00:00.000Z,119,119,0,0,17,0,1,18,4,0,0,4,22,76,3
WPR,FLU_SE_ASIA,Philippines,PHL,NOTDEFINED,2022,36,2022-09-05T03:00:00.000Z,86,86,0,2,8,0,0,10,1,0,0,1,11,36,3
WPR,FLU_SE_ASIA,Philippines,PHL,NOTDEFINED,2022,37,2022-09-12T03:00:00.000Z,75,75,0,1,9,0,0,10,0,0,0,0,10,35,3
WPR,FLU_SE_ASIA,Philippines,PHL,NOTDEFINED,2022,38,2022-09-19T03:00:00.000Z,64,64,0,4,5,0,0,9,1,0,0,1,10,22,3
WPR,FLU_SE_ASIA,Philippines,PHL,NOTDEFINED,2022,39,2022-09-26T03:00:00.000Z,65,65,0,1,5,0,0,6,0,0,0,0,6,34,3
WPR,FLU_SE_ASIA,Philippines,PHL,NOTDEFINED,2022,40,2022-10-03T03:00:00.000Z,65,65,0,2,2,0,0,4,0,0,0,0,4,35,3
WPR,FLU_SE_ASIA,Philippines,PHL,NOTDEFINED,2022,41,2022-10-10T03:00:00.000Z,62,62,0,3,4,0,0,7,1,0,0,1,8,36,3
WPR,FLU_SE_ASIA,Philippines,PHL,NOTDEFINED,2022,42,2022-10-17T03:00:00.000Z,71,71,0,0,0,0,0,0,0,0,0,0,0,40,3
WPR,FLU_SE_ASIA,Philippines,PHL,NOTDEFINED,2022,43,2022-10-24T03:00:00.000Z,67,67,0,0,2,0,1,3,0,0,0,0,3,41,3
WPR,FLU_SE_ASIA,Philippines,PHL,NOTDEFINED,2022,44,2022-10-31T03:00:00.000Z,52,52,0,0,1,0,0,1,2,0,0,2,3,31,3
WPR,FLU_SE_ASIA,Philippines,PHL,NOTDEFINED,2022,45,2022-11-07T03:00:00.000Z,38,38,0,1,3,0,0,4,0,0,0,0,4,21,3
WPR,FLU_SE_ASIA,Philippines,PHL,NOTDEFINED,2022,46,2022-11-14T03:00:00.000Z,60,60,0,2,4,0,0,6,4,0,0,4,10,41,3
WPR,FLU_EST_ASIA,Republic of Korea,KOR,SENTINEL,2021,39,2021-09-27T03:00:00.000Z,10,10,,0,0,,,0,0,0,,0,0,10,2
WPR,FLU_EST_ASIA,Republic of Korea,KOR,SENTINEL,2021,40,2021-10-04T03:00:00.000Z,58,58,,0,0,,,0,0,0,,0,0,58,2
WPR,FLU_EST_ASIA,Republic of Korea,KOR,SENTINEL,2021,41,2021-10-11T03:00:00.000Z,76,76,,0,0,,,0,0,0,,0,0,76,2
WPR,FLU_EST_ASIA,Republic of Korea,KOR,SENTINEL,2021,42,2021-10-18T03:00:00.000Z,101,101,,0,0,,,0,0,0,,0,0,101,2
WPR,FLU_EST_ASIA,Republic of Korea,KOR,SENTINEL,2021,43,2021-10-25T03:00:00.000Z,120,120,,0,0,,,0,0,0,,0,0,120,2
WPR,FLU_EST_ASIA,Republic of Korea,KOR,SENTINEL,2021,44,2021-11-01T03:00:00.000Z,154,154,,0,0,,,0,0,0,,0,0,154,2
WPR,FLU_EST_ASIA,Republic of Korea,KOR,SENTINEL,2021,45,2021-11-08T03:00:00.000Z,163,163,,0,0,,,0,0,0,,0,0,163,2
WPR,FLU_EST_ASIA,Republic of Korea,KOR,SENTINEL,2021,46,2021-11-15T03:00:00.000Z,147,147,,0,0,,,0,0,0,,0,0,147,2
WPR,FLU_EST_ASIA,Republic of Korea,KOR,SENTINEL,2021,47,2021-11-22T03:00:00.000Z,160,160,,0,0,,,0,0,0,,0,0,160,2
WPR,FLU_EST_ASIA,Republic of Korea,KOR,SENTINEL,2021,48,2021-11-29T03:00:00.000Z,133,133,,0,0,,,0,0,0,,0,0,133,2
WPR,FLU_EST_ASIA,Republic of Korea,KOR,SENTINEL,2021,49,2021-12-06T03:00:00.000Z,120,120,,0,0,,,0,0,0,,0,0,120,2
WPR,FLU_EST_ASIA,Republic of Korea,KOR,SENTINEL,2021,50,2021-12-13T03:00:00.000Z,110,110,,0,0,,,0,0,0,,0,0,110,2
WPR,FLU_EST_ASIA,Republic of Korea,KOR,SENTINEL,2021,51,2021-12-20T03:00:00.000Z,99,99,,0,0,,,0,0,0,,0,0,99,2
WPR,FLU_EST_ASIA,Republic of Korea,KOR,SENTINEL,2021,52,2021-12-27T03:00:00.000Z,123,123,,0,0,,,0,0,0,,0,0,123,2
WPR,FLU_EST_ASIA,Republic of Korea,KOR,SENTINEL,2022,1,2022-01-03T03:00:00.000Z,146,146,,0,0,,,0,0,0,,0,0,146,2
WPR,FLU_EST_ASIA,Republic of Korea,KOR,SENTINEL,2022,2,2022-01-10T03:00:00.000Z,134,134,,0,0,,,0,0,0,,0,0,134,2
WPR,FLU_EST_ASIA,Republic of Korea,KOR,SENTINEL,2022,3,2022-01-17T03:00:00.000Z,135,135,,0,0,,,0,0,0,,0,0,135,2
WPR,FLU_EST_ASIA,Republic of Korea,KOR,SENTINEL,2022,4,2022-01-24T03:00:00.000Z,150,150,,0,0,,,0,0,0,,0,0,150,2
WPR,FLU_EST_ASIA,Republic of Korea,KOR,SENTINEL,2022,5,2022-01-31T03:00:00.000Z,178,178,,0,0,,,0,0,0,,0,0,178,2
WPR,FLU_EST_ASIA,Republic of Korea,KOR,SENTINEL,2022,6,2022-02-07T03:00:00.000Z,19,19,,0,0,,,0,0,0,,0,0,19,2
WPR,FLU_EST_ASIA,Republic of Korea,KOR,SENTINEL,2022,7,2022-02-14T03:00:00.000Z,125,125,,0,0,,,0,0,0,,0,0,125,2
WPR,FLU_EST_ASIA,Republic of Korea,KOR,SENTINEL,2022,8,2022-02-21T03:00:00.000Z,99,99,,0,0,,,0,0,0,,0,0,99,2
WPR,FLU_EST_ASIA,Republic of Korea,KOR,SENTINEL,2022,9,2022-02-28T03:00:00.000Z,101,101,,0,0,,,0,0,0,,0,0,101,2
WPR,FLU_EST_ASIA,Republic of Korea,KOR,SENTINEL,2022,10,2022-03-07T03:00:00.000Z,60,60,,0,0,,,0,0,0,,0,0,60,2
WPR,FLU_EST_ASIA,Republic of Korea,KOR,SENTINEL,2022,11,2022-03-14T03:00:00.000Z,79,79,,0,0,,,0,0,0,,0,0,79,2
WPR,FLU_EST_ASIA,Republic of Korea,KOR,SENTINEL,2022,12,2022-03-21T03:00:00.000Z,49,49,,0,0,,,0,0,0,,0,0,49,2
WPR,FLU_EST_ASIA,Republic of Korea,KOR,SENTINEL,2022,13,2022-03-28T03:00:00.000Z,44,44,,0,0,,,0,0,0,,0,0,44,2
WPR,FLU_EST_ASIA,Republic of Korea,KOR,SENTINEL,2022,14,2022-04-04T03:00:00.000Z,59,59,,0,0,,,0,0,0,,0,0,59,2
WPR,FLU_EST_ASIA,Republic of Korea,KOR,SENTINEL,2022,15,2022-04-11T03:00:00.000Z,67,67,,0,0,,,0,0,0,,0,0,67,2
WPR,FLU_EST_ASIA,Republic of Korea,KOR,SENTINEL,2022,16,2022-04-18T03:00:00.000Z,87,87,,0,0,,,0,0,0,,0,0,87,2
WPR,FLU_EST_ASIA,Republic of Korea,KOR,SENTINEL,2022,17,2022-04-25T03:00:00.000Z,79,79,,0,0,,,0,0,0,,0,0,79,2
WPR,FLU_EST_ASIA,Republic of Korea,KOR,SENTINEL,2022,18,2022-05-02T03:00:00.000Z,84,84,,0,1,,,1,0,0,,0,1,83,2
WPR,FLU_EST_ASIA,Republic of Korea,KOR,SENTINEL,2022,19,2022-05-09T03:00:00.000Z,104,104,,0,0,,,0,0,0,,0,0,104,2
WPR,FLU_EST_ASIA,Republic of Korea,KOR,SENTINEL,2022,20,2022-05-16T03:00:00.000Z,103,103,,0,0,,,0,0,0,,0,0,103,2
WPR,FLU_EST_ASIA,Republic of Korea,KOR,SENTINEL,2022,21,2022-05-23T03:00:00.000Z,123,123,,0,0,,,0,0,0,,0,0,123,2
WPR,FLU_EST_ASIA,Republic of Korea,KOR,SENTINEL,2022,22,2022-05-30T03:00:00.000Z,128,128,,0,0,,,0,0,0,,0,0,128,2
WPR,FLU_EST_ASIA,Republic of Korea,KOR,SENTINEL,2022,23,2022-06-06T03:00:00.000Z,117,117,,0,0,,,0,0,0,,0,0,117,2
WPR,FLU_EST_ASIA,Republic of Korea,KOR,SENTINEL,2022,24,2022-06-13T03:00:00.000Z,81,81,,0,0,,,0,0,0,,0,0,81,2
WPR,FLU_EST_ASIA,Republic of Korea,KOR,SENTINEL,2022,25,2022-06-20T03:00:00.000Z,161,161,,0,0,,,0,0,0,,0,0,161,2
WPR,FLU_EST_ASIA,Republic of Korea,KOR,SENTINEL,2022,26,2022-06-27T03:00:00.000Z,143,143,,0,0,,,0,0,0,,0,0,143,2
WPR,FLU_EST_ASIA,Republic of Korea,KOR,SENTINEL,2022,27,2022-07-04T03:00:00.000Z,186,186,,0,0,,,0,0,0,,0,0,186,2
WPR,FLU_EST_ASIA,Republic of Korea,KOR,SENTINEL,2022,28,2022-07-11T03:00:00.000Z,179,179,,0,5,,,5,0,0,,0,5,174,3
WPR,FLU_EST_ASIA,Republic of Korea,KOR,SENTINEL,2022,29,2022-07-18T03:00:00.000Z,219,219,,0,5,,,5,0,0,,0,5,214,3
WPR,FLU_EST_ASIA,Republic of Korea,KOR,SENTINEL,2022,30,2022-07-25T03:00:00.000Z,195,195,,0,7,,,7,0,0,,0,7,188,3
WPR,FLU_EST_ASIA,Republic of Korea,KOR,SENTINEL,2022,31,2022-08-01T03:00:00.000Z,159,159,,0,2,,,2,0,0,,0,2,157,3
WPR,FLU_EST_ASIA,Republic of Korea,KOR,SENTINEL,2022,32,2022-08-08T03:00:00.000Z,127,127,,0,5,,,5,0,0,,0,5,122,3
WPR,FLU_EST_ASIA,Republic of Korea,KOR,SENTINEL,2022,33,2022-08-15T03:00:00.000Z,164,164,,0,5,,,5,0,0,,0,5,159,3
WPR,FLU_EST_ASIA,Republic of Korea,KOR,SENTINEL,2022,34,2022-08-22T03:00:00.000Z,117,117,,0,1,,,1,0,0,,0,1,116,3
WPR,FLU_EST_ASIA,Republic of Korea,KOR,SENTINEL,2022,35,2022-08-29T03:00:00.000Z,167,167,,0,7,,,7,0,0,,0,7,160,3
WPR,FLU_EST_ASIA,Republic of Korea,KOR,SENTINEL,2022,36,2022-09-05T03:00:00.000Z,206,206,,0,4,,,4,0,0,,0,4,202,3
WPR,FLU_EST_ASIA,Republic of Korea,KOR,SENTINEL,2022,37,2022-09-12T03:00:00.000Z,215,215,,0,3,,,3,0,0,,0,3,212,3
WPR,FLU_EST_ASIA,Republic of Korea,KOR,SENTINEL,2022,38,2022-09-19T03:00:00.000Z,153,153,,0,2,,,2,0,0,,0,2,151,3
WPR,FLU_EST_ASIA,Republic of Korea,KOR,SENTINEL,2022,39,2022-09-26T03:00:00.000Z,239,239,,0,4,,,4,0,0,,0,4,235,3
WPR,FLU_EST_ASIA,Republic of Korea,KOR,SENTINEL,2022,40,2022-10-03T03:00:00.000Z,265,265,,0,2,,,2,0,0,,0,2,263,3
WPR,FLU_EST_ASIA,Republic of Korea,KOR,SENTINEL,2022,41,2022-10-10T03:00:00.000Z,203,203,,0,2,,,2,0,0,,0,2,201,3
WPR,FLU_EST_ASIA,Republic of Korea,KOR,SENTINEL,2022,42,2022-10-17T03:00:00.000Z,205,205,,0,2,,,2,0,0,,0,2,203,3
WPR,FLU_EST_ASIA,Republic of Korea,KOR,SENTINEL,2022,43,2022-10-24T03:00:00.000Z,281,281,,0,3,,,3,0,1,,1,4,277,3
WPR,FLU_EST_ASIA,Republic of Korea,KOR,SENTINEL,2022,44,2022-10-31T03:00:00.000Z,273,273,,0,6,,,6,0,0,,0,6,267,3
WPR,FLU_EST_ASIA,Republic of Korea,KOR,SENTINEL,2022,45,2022-11-07T03:00:00.000Z,296,296,,0,19,,,19,0,0,,0,19,277,3
WPR,FLU_EST_ASIA,Republic of Korea,KOR,SENTINEL,2022,46,2022-11-14T03:00:00.000Z,270,270,,0,16,,,16,0,0,,0,16,254,3
WPR,FLU_EST_ASIA,Republic of Korea,KOR,SENTINEL,2022,47,2022-11-21T03:00:00.000Z,298,298,,0,30,,,30,0,0,,0,30,268,3
WPR,FLU_EST_ASIA,Republic of Korea,KOR,SENTINEL,2022,48,2022-11-28T03:00:00.000Z,271,271,,0,20,,,20,0,0,,0,20,251,3
WPR,FLU_EST_ASIA,Republic of Korea,KOR,SENTINEL,2022,49,2022-12-05T03:00:00.000Z,312,312,,0,26,,,26,0,0,,0,26,286,3
WPR,FLU_SE_ASIA,Singapore,SGP,NOTDEFINED,2021,39,2021-09-27T03:00:00.000Z,33,33,,0,0,0,0,0,0,0,0,0,0,33,4
WPR,FLU_SE_ASIA,Singapore,SGP,NOTDEFINED,2021,40,2021-10-04T03:00:00.000Z,20,20,,0,0,0,0,0,0,0,0,0,0,20,4
WPR,FLU_SE_ASIA,Singapore,SGP,NOTDEFINED,2021,41,2021-10-11T03:00:00.000Z,27,27,,0,0,0,0,0,0,0,0,0,0,27,4
WPR,FLU_SE_ASIA,Singapore,SGP,NOTDEFINED,2021,42,2021-10-18T03:00:00.000Z,26,26,,0,0,0,0,0,0,0,0,0,0,26,4
WPR,FLU_SE_ASIA,Singapore,SGP,NOTDEFINED,2021,43,2021-10-25T03:00:00.000Z,25,25,,0,0,0,0,0,0,0,0,0,0,25,4
WPR,FLU_SE_ASIA,Singapore,SGP,NOTDEFINED,2021,44,2021-11-01T03:00:00.000Z,24,24,,0,0,0,0,0,0,0,0,0,0,24,4
WPR,FLU_SE_ASIA,Singapore,SGP,NOTDEFINED,2021,45,2021-11-08T03:00:00.000Z,26,26,,0,0,0,0,0,0,0,0,0,0,26,4
WPR,FLU_SE_ASIA,Singapore,SGP,NOTDEFINED,2021,46,2021-11-15T03:00:00.000Z,44,44,,0,0,0,0,0,0,0,0,0,0,44,4
WPR,FLU_SE_ASIA,Singapore,SGP,NOTDEFINED,2021,47,2021-11-22T03:00:00.000Z,50,50,,0,0,0,0,0,0,0,0,0,0,50,4
WPR,FLU_SE_ASIA,Singapore,SGP,NOTDEFINED,2021,48,2021-11-29T03:00:00.000Z,44,44,,0,0,0,0,0,0,0,0,0,0,44,4
WPR,FLU_SE_ASIA,Singapore,SGP,NOTDEFINED,2021,49,2021-12-06T03:00:00.000Z,45,45,,0,0,0,0,0,0,0,0,0,0,45,4
WPR,FLU_SE_ASIA,Singapore,SGP,NOTDEFINED,2021,50,2021-12-13T03:00:00.000Z,40,40,,0,0,0,0,0,0,0,0,0,0,40,4
WPR,FLU_SE_ASIA,Singapore,SGP,NOTDEFINED,2021,51,2021-12-20T03:00:00.000Z,25,25,,0,0,0,0,0,0,0,0,0,0,25,4
WPR,FLU_SE_ASIA,Singapore,SGP,NOTDEFINED,2021,52,2021-12-27T03:00:00.000Z,5,5,,0,0,0,0,0,0,0,0,0,0,5,4
WPR,FLU_SE_ASIA,Singapore,SGP,NOTDEFINED,2022,1,2022-01-03T03:00:00.000Z,30,30,,0,0,0,0,0,0,0,0,0,0,30,4
WPR,FLU_SE_ASIA,Singapore,SGP,NOTDEFINED,2022,2,2022-01-10T03:00:00.000Z,44,44,,0,0,0,0,0,0,0,0,0,0,44,4
WPR,FLU_SE_ASIA,Singapore,SGP,NOTDEFINED,2022,3,2022-01-17T03:00:00.000Z,68,68,,0,0,0,0,0,0,0,0,0,0,68,4
WPR,FLU_SE_ASIA,Singapore,SGP,NOTDEFINED,2022,4,2022-01-24T03:00:00.000Z,71,71,,0,0,0,0,0,0,0,0,0,0,71,4
WPR,FLU_SE_ASIA,Singapore,SGP,NOTDEFINED,2022,5,2022-01-31T03:00:00.000Z,21,21,,0,0,0,0,0,0,0,0,0,0,21,4
WPR,FLU_SE_ASIA,Singapore,SGP,NOTDEFINED,2022,6,2022-02-07T03:00:00.000Z,54,54,,0,0,0,0,0,0,0,0,0,0,54,4
WPR,FLU_SE_ASIA,Singapore,SGP,NOTDEFINED,2022,7,2022-02-14T03:00:00.000Z,57,57,,0,0,0,0,0,0,0,0,0,0,57,4
WPR,FLU_SE_ASIA,Singapore,SGP,NOTDEFINED,2022,8,2022-02-21T03:00:00.000Z,70,70,,0,3,0,0,3,0,0,0,0,3,67,4
WPR,FLU_SE_ASIA,Singapore,SGP,NOTDEFINED,2022,9,2022-02-28T03:00:00.000Z,60,60,,0,7,0,0,7,0,0,0,0,7,53,4
WPR,FLU_SE_ASIA,Singapore,SGP,NOTDEFINED,2022,10,2022-03-07T03:00:00.000Z,51,51,,0,1,0,0,1,0,0,0,0,1,50,4
WPR,FLU_SE_ASIA,Singapore,SGP,NOTDEFINED,2022,11,2022-03-14T03:00:00.000Z,49,49,,0,1,0,0,1,0,0,0,0,1,48,4
WPR,FLU_SE_ASIA,Singapore,SGP,NOTDEFINED,2022,12,2022-03-21T03:00:00.000Z,38,38,,0,0,0,0,0,0,0,0,0,0,38,4
WPR,FLU_SE_ASIA,Singapore,SGP,NOTDEFINED,2022,13,2022-03-28T03:00:00.000Z,51,51,,0,1,0,0,1,0,0,0,0,1,50,4
WPR,FLU_SE_ASIA,Singapore,SGP,NOTDEFINED,2022,14,2022-04-04T03:00:00.000Z,54,54,,0,0,0,0,0,0,0,0,0,0,54,4
WPR,FLU_SE_ASIA,Singapore,SGP,NOTDEFINED,2022,15,2022-04-11T03:00:00.000Z,49,49,,0,0,0,0,0,0,0,0,0,0,49,4
WPR,FLU_SE_ASIA,Singapore,SGP,NOTDEFINED,2022,16,2022-04-18T03:00:00.000Z,60,60,,0,1,0,0,1,0,0,0,0,1,59,4
WPR,FLU_SE_ASIA,Singapore,SGP,NOTDEFINED,2022,17,2022-04-25T03:00:00.000Z,97,97,,0,0,0,0,0,0,0,0,0,0,97,4
WPR,FLU_SE_ASIA,Singapore,SGP,NOTDEFINED,2022,18,2022-05-02T03:00:00.000Z,15,15,,0,0,0,0,0,0,0,0,0,0,15,4
WPR,FLU_SE_ASIA,Singapore,SGP,NOTDEFINED,2022,19,2022-05-09T03:00:00.000Z,159,159,,0,1,0,0,1,0,0,0,0,1,158,4
WPR,FLU_SE_ASIA,Singapore,SGP,NOTDEFINED,2022,20,2022-05-16T03:00:00.000Z,139,139,,0,0,0,0,0,0,0,0,0,0,139,4
WPR,FLU_SE_ASIA,Singapore,SGP,NOTDEFINED,2022,21,2022-05-23T03:00:00.000Z,190,190,,0,1,0,0,1,0,0,1,1,2,188,4
WPR,FLU_SE_ASIA,Singapore,SGP,NOTDEFINED,2022,22,2022-05-30T03:00:00.000Z,160,160,,0,2,0,0,2,0,0,0,0,2,158,4
WPR,FLU_SE_ASIA,Singapore,SGP,NOTDEFINED,2022,23,2022-06-06T03:00:00.000Z,191,191,,0,2,0,0,2,0,0,0,0,2,189,4
WPR,FLU_SE_ASIA,Singapore,SGP,NOTDEFINED,2022,24,2022-06-13T03:00:00.000Z,169,169,,0,4,0,0,4,0,0,0,0,4,165,4
WPR,FLU_SE_ASIA,Singapore,SGP,NOTDEFINED,2022,25,2022-06-20T03:00:00.000Z,215,215,,1,5,0,0,6,0,0,0,0,6,209,4
WPR,FLU_SE_ASIA,Singapore,SGP,NOTDEFINED,2022,26,2022-06-27T03:00:00.000Z,284,284,,0,21,0,0,21,0,0,0,0,21,263,4
WPR,FLU_SE_ASIA,Singapore,SGP,NOTDEFINED,2022,27,2022-07-04T03:00:00.000Z,156,156,,0,9,0,0,9,0,0,0,0,9,147,4
WPR,FLU_SE_ASIA,Singapore,SGP,NOTDEFINED,2022,28,2022-07-11T03:00:00.000Z,196,196,,1,14,0,0,15,0,0,0,0,15,181,4
WPR,FLU_SE_ASIA,Singapore,SGP,NOTDEFINED,2022,29,2022-07-18T03:00:00.000Z,249,249,,1,21,0,0,22,0,0,0,0,22,227,4
WPR,FLU_SE_ASIA,Singapore,SGP,NOTDEFINED,2022,30,2022-07-25T03:00:00.000Z,201,201,,0,26,0,0,26,0,0,0,0,26,175,4
WPR,FLU_SE_ASIA,Singapore,SGP,NOTDEFINED,2022,31,2022-08-01T03:00:00.000Z,235,235,,3,36,0,0,39,0,0,1,1,40,195,4
WPR,FLU_SE_ASIA,Singapore,SGP,NOTDEFINED,2022,32,2022-08-08T03:00:00.000Z,180,180,,0,37,0,0,37,0,0,0,0,37,143,4
WPR,FLU_SE_ASIA,Singapore,SGP,NOTDEFINED,2022,33,2022-08-15T03:00:00.000Z,183,183,,2,31,0,0,33,0,0,0,0,33,150,4
WPR,FLU_SE_ASIA,Singapore,SGP,NOTDEFINED,2022,34,2022-08-22T03:00:00.000Z,155,155,,0,28,0,0,28,0,0,1,1,29,126,4
WPR,FLU_SE_ASIA,Singapore,SGP,NOTDEFINED,2022,35,2022-08-29T03:00:00.000Z,187,187,,1,37,0,0,38,0,0,0,0,38,149,4
WPR,FLU_SE_ASIA,Singapore,SGP,NOTDEFINED,2022,36,2022-09-05T03:00:00.000Z,180,180,,0,31,0,0,31,1,0,1,2,33,148,4
WPR,FLU_SE_ASIA,Singapore,SGP,NOTDEFINED,2022,37,2022-09-12T03:00:00.000Z,243,243,,1,53,0,0,54,0,0,0,0,54,189,4
WPR,FLU_SE_ASIA,Singapore,SGP,NOTDEFINED,2022,38,2022-09-19T03:00:00.000Z,266,266,,0,66,0,0,66,0,0,3,3,69,197,4
WPR,FLU_SE_ASIA,Singapore,SGP,NOTDEFINED,2022,39,2022-09-26T03:00:00.000Z,298,298,,0,81,0,0,81,0,0,3,3,84,214,4
WPR,FLU_SE_ASIA,Singapore,SGP,NOTDEFINED,2022,40,2022-10-03T03:00:00.000Z,295,295,,0,45,0,0,45,0,0,0,0,45,250,4
WPR,FLU_SE_ASIA,Singapore,SGP,NOTDEFINED,2022,41,2022-10-10T03:00:00.000Z,342,342,,1,63,0,0,65,0,0,1,1,66,276,4
WPR,FLU_SE_ASIA,Singapore,SGP,NOTDEFINED,2022,42,2022-10-17T03:00:00.000Z,252,252,,0,53,0,0,53,0,0,3,3,56,196,4
WPR,FLU_SE_ASIA,Singapore,SGP,NOTDEFINED,2022,43,2022-10-24T03:00:00.000Z,176,176,,1,29,0,0,30,0,0,3,3,33,143,4
WPR,FLU_SE_ASIA,Singapore,SGP,NOTDEFINED,2022,44,2022-10-31T03:00:00.000Z,178,178,,2,20,0,0,23,0,0,3,3,26,152,4
WPR,FLU_SE_ASIA,Singapore,SGP,NOTDEFINED,2022,45,2022-11-07T03:00:00.000Z,174,174,,0,10,0,0,10,0,0,3,3,13,161,4
WPR,FLU_SE_ASIA,Singapore,SGP,NOTDEFINED,2022,46,2022-11-14T03:00:00.000Z,152,152,,1,12,0,0,13,0,0,1,1,14,138,4
WPR,FLU_SE_ASIA,Singapore,SGP,NOTDEFINED,2022,47,2022-11-21T03:00:00.000Z,222,222,,2,10,0,0,12,0,0,3,3,15,207,4
WPR,FLU_SE_ASIA,Singapore,SGP,NOTDEFINED,2022,48,2022-11-28T03:00:00.000Z,204,204,,2,11,0,0,13,0,0,6,6,19,185,4
WPR,FLU_SE_ASIA,Viet Nam,VNM,NOTDEFINED,2021,39,2021-09-27T03:00:00.000Z,0,0,,0,0,0,0,0,0,0,0,0,0,0,3
WPR,FLU_SE_ASIA,Viet Nam,VNM,NOTDEFINED,2021,40,2021-10-04T03:00:00.000Z,0,0,,0,0,0,0,0,0,0,0,0,0,0,3
WPR,FLU_SE_ASIA,Viet Nam,VNM,NOTDEFINED,2021,41,2021-10-11T03:00:00.000Z,0,0,,0,0,0,0,0,0,0,0,0,0,0,3
WPR,FLU_SE_ASIA,Viet Nam,VNM,NOTDEFINED,2021,42,2021-10-18T03:00:00.000Z,0,0,,0,0,0,0,0,0,0,0,0,0,0,3
WPR,FLU_SE_ASIA,Viet Nam,VNM,NOTDEFINED,2021,43,2021-10-25T03:00:00.000Z,1,1,,0,0,0,0,0,0,0,0,0,0,1,3
WPR,FLU_SE_ASIA,Viet Nam,VNM,NOTDEFINED,2021,44,2021-11-01T03:00:00.000Z,1,1,,0,0,0,0,0,0,0,0,0,0,1,3
WPR,FLU_SE_ASIA,Viet Nam,VNM,NOTDEFINED,2021,45,2021-11-08T03:00:00.000Z,0,0,,0,0,0,0,0,0,0,0,0,0,0,3
WPR,FLU_SE_ASIA,Viet Nam,VNM,NOTDEFINED,2021,46,2021-11-15T03:00:00.000Z,0,0,,0,0,0,0,0,0,0,0,0,0,0,3
WPR,FLU_SE_ASIA,Viet Nam,VNM,NOTDEFINED,2021,47,2021-11-22T03:00:00.000Z,1,1,,0,0,0,0,0,0,0,0,0,0,1,3
WPR,FLU_SE_ASIA,Viet Nam,VNM,NOTDEFINED,2021,48,2021-11-29T03:00:00.000Z,0,0,,0,0,0,0,0,0,0,0,0,0,0,3
WPR,FLU_SE_ASIA,Viet Nam,VNM,NOTDEFINED,2021,49,2021-12-06T03:00:00.000Z,3,3,,0,0,0,0,0,0,0,0,0,0,3,3
WPR,FLU_SE_ASIA,Viet Nam,VNM,NOTDEFINED,2021,50,2021-12-13T03:00:00.000Z,0,0,,0,0,0,0,0,0,0,0,0,0,0,3
WPR,FLU_SE_ASIA,Viet Nam,VNM,NOTDEFINED,2021,51,2021-12-20T03:00:00.000Z,1,1,,0,0,0,0,0,0,0,0,0,0,1,3
WPR,FLU_SE_ASIA,Viet Nam,VNM,NOTDEFINED,2021,52,2021-12-27T03:00:00.000Z,73,73,,0,0,0,0,0,0,0,0,0,0,73,3
WPR,FLU_SE_ASIA,Viet Nam,VNM,NOTDEFINED,2022,1,2022-01-03T03:00:00.000Z,0,0,,0,0,0,0,0,0,0,0,0,0,0,3
WPR,FLU_SE_ASIA,Viet Nam,VNM,NOTDEFINED,2022,2,2022-01-10T03:00:00.000Z,2,2,,0,0,0,0,0,0,0,0,0,0,2,3
WPR,FLU_SE_ASIA,Viet Nam,VNM,NOTDEFINED,2022,3,2022-01-17T03:00:00.000Z,0,0,,0,0,0,0,0,0,0,0,0,0,0,3
WPR,FLU_SE_ASIA,Viet Nam,VNM,NOTDEFINED,2022,4,2022-01-24T03:00:00.000Z,1,1,,0,0,0,0,0,0,0,0,0,0,1,3
WPR,FLU_SE_ASIA,Viet Nam,VNM,NOTDEFINED,2022,5,2022-01-31T03:00:00.000Z,0,0,,0,0,0,0,0,0,0,0,0,0,0,3
WPR,FLU_SE_ASIA,Viet Nam,VNM,NOTDEFINED,2022,6,2022-02-07T03:00:00.000Z,0,0,,0,0,0,0,0,0,0,0,0,0,0,3
WPR,FLU_SE_ASIA,Viet Nam,VNM,NOTDEFINED,2022,7,2022-02-14T03:00:00.000Z,1,1,,0,0,0,0,0,0,0,0,0,0,1,3
WPR,FLU_SE_ASIA,Viet Nam,VNM,NOTDEFINED,2022,8,2022-02-21T03:00:00.000Z,1,1,,0,0,0,0,0,0,0,0,0,0,1,3
WPR,FLU_SE_ASIA,Viet Nam,VNM,NOTDEFINED,2022,9,2022-02-28T03:00:00.000Z,0,0,,0,0,0,0,0,0,0,0,0,0,0,3
WPR,FLU_SE_ASIA,Viet Nam,VNM,NOTDEFINED,2022,10,2022-03-07T03:00:00.000Z,0,0,,0,0,0,0,0,0,0,0,0,0,0,3
WPR,FLU_SE_ASIA,Viet Nam,VNM,NOTDEFINED,2022,11,2022-03-14T03:00:00.000Z,1,1,,0,0,0,0,0,0,0,0,0,0,1,3
WPR,FLU_SE_ASIA,Viet Nam,VNM,NOTDEFINED,2022,12,2022-03-21T03:00:00.000Z,0,0,,0,0,0,0,0,0,0,0,0,0,0,3
WPR,FLU_SE_ASIA,Viet Nam,VNM,NOTDEFINED,2022,13,2022-03-28T03:00:00.000Z,0,0,,0,0,0,0,0,0,0,0,0,0,0,3
WPR,FLU_SE_ASIA,Viet Nam,VNM,NOTDEFINED,2022,14,2022-04-04T03:00:00.000Z,0,0,,0,0,0,0,0,0,0,0,0,0,0,3
WPR,FLU_SE_ASIA,Viet Nam,VNM,NOTDEFINED,2022,15,2022-04-11T03:00:00.000Z,2,2,,0,0,0,0,0,0,0,0,0,0,2,3
WPR,FLU_SE_ASIA,Viet Nam,VNM,NOTDEFINED,2022,16,2022-04-18T03:00:00.000Z,1,1,,0,0,0,0,0,0,0,0,0,0,1,3
WPR,FLU_SE_ASIA,Viet Nam,VNM,NOTDEFINED,2022,17,2022-04-25T03:00:00.000Z,0,0,,0,0,0,0,0,0,0,0,0,0,0,3
WPR,FLU_SE_ASIA,Viet Nam,VNM,NOTDEFINED,2022,18,2022-05-02T03:00:00.000Z,0,0,,0,0,0,0,0,0,0,0,0,0,0,3
WPR,FLU_SE_ASIA,Viet Nam,VNM,NOTDEFINED,2022,19,2022-05-09T03:00:00.000Z,0,0,,0,0,0,0,0,0,0,0,0,0,0,3
WPR,FLU_SE_ASIA,Viet Nam,VNM,NOTDEFINED,2022,20,2022-05-16T03:00:00.000Z,2,2,,0,0,0,0,0,0,0,0,0,0,2,3
WPR,FLU_SE_ASIA,Viet Nam,VNM,NOTDEFINED,2022,21,2022-05-23T03:00:00.000Z,0,0,,0,0,0,0,0,0,0,0,0,0,0,3
WPR,FLU_SE_ASIA,Viet Nam,VNM,NOTDEFINED,2022,22,2022-05-30T03:00:00.000Z,2,2,,0,0,0,0,0,0,0,0,0,0,2,3
WPR,FLU_SE_ASIA,Viet Nam,VNM,NOTDEFINED,2022,23,2022-06-06T03:00:00.000Z,1,1,,0,0,0,0,0,0,0,0,0,0,1,3
WPR,FLU_SE_ASIA,Viet Nam,VNM,NOTDEFINED,2022,24,2022-06-13T03:00:00.000Z,0,0,,0,0,0,0,0,0,0,0,0,0,0,3
WPR,FLU_SE_ASIA,Viet Nam,VNM,NOTDEFINED,2022,25,2022-06-20T03:00:00.000Z,0,0,,0,0,0,0,0,0,0,0,0,0,0,3
WPR,FLU_SE_ASIA,Viet Nam,VNM,NOTDEFINED,2022,26,2022-06-27T03:00:00.000Z,1,1,,0,0,0,0,0,0,0,0,0,0,1,3
WPR,FLU_SE_ASIA,Viet Nam,VNM,NOTDEFINED,2022,27,2022-07-04T03:00:00.000Z,1,1,,0,0,0,0,0,0,0,0,0,0,1,3
WPR,FLU_SE_ASIA,Viet Nam,VNM,NOTDEFINED,2022,28,2022-07-11T03:00:00.000Z,2,2,,0,0,0,0,0,0,0,0,0,0,2,3
WPR,FLU_SE_ASIA,Viet Nam,VNM,NOTDEFINED,2022,29,2022-07-18T03:00:00.000Z,3,3,,0,0,0,0,0,0,0,0,0,0,3,3
WPR,FLU_SE_ASIA,Viet Nam,VNM,NOTDEFINED,2022,30,2022-07-25T03:00:00.000Z,3,3,,0,0,0,0,0,0,0,0,0,0,3,3
WPR,FLU_SE_ASIA,Viet Nam,VNM,NOTDEFINED,2022,31,2022-08-01T03:00:00.000Z,1,1,,0,0,0,0,0,0,0,0,0,0,1,3
WPR,FLU_SE_ASIA,Viet Nam,VNM,NOTDEFINED,2022,32,2022-08-08T03:00:00.000Z,2,2,,0,0,0,0,0,0,0,0,0,0,2,3
WPR,FLU_SE_ASIA,Viet Nam,VNM,NOTDEFINED,2022,33,2022-08-15T03:00:00.000Z,3,3,,0,0,0,0,0,0,0,0,0,0,3,3
WPR,FLU_SE_ASIA,Viet Nam,VNM,NOTDEFINED,2022,34,2022-08-22T03:00:00.000Z,3,3,,0,0,0,0,0,0,0,0,0,0,3,3
WPR,FLU_SE_ASIA,Viet Nam,VNM,NOTDEFINED,2022,35,2022-08-29T03:00:00.000Z,0,0,,0,0,0,0,0,0,0,0,0,0,0,3
WPR,FLU_SE_ASIA,Viet Nam,VNM,NOTDEFINED,2022,36,2022-09-05T03:00:00.000Z,17,17,,0,4,0,0,4,1,0,0,1,5,12,3
WPR,FLU_SE_ASIA,Viet Nam,VNM,NOTDEFINED,2022,37,2022-09-12T03:00:00.000Z,21,21,,0,3,0,0,3,1,0,0,1,4,17,3
WPR,FLU_SE_ASIA,Viet Nam,VNM,NOTDEFINED,2022,38,2022-09-19T03:00:00.000Z,25,25,,0,5,0,0,5,2,0,0,2,7,18,3
WPR,FLU_SE_ASIA,Viet Nam,VNM,NOTDEFINED,2022,39,2022-09-26T03:00:00.000Z,23,23,,0,3,0,0,3,5,0,0,5,8,15,3
WPR,FLU_SE_ASIA,Viet Nam,VNM,NOTDEFINED,2022,40,2022-10-03T03:00:00.000Z,22,22,,0,2,0,0,2,6,0,0,6,8,13,3
WPR,FLU_SE_ASIA,Viet Nam,VNM,NOTDEFINED,2022,41,2022-10-10T03:00:00.000Z,24,24,,0,0,0,0,0,11,0,0,11,11,11,3